{
    "ambientocclusion": false,
    "textures": {
        "particle": "#bottom"
    },
    "elements": [
        {   "from": [ 0, 0, 0 ],
            "to": [ 3, 16, 16 ],
            "faces": {
                "down":  { "uv": [ 6, 0, 9, 16 ], "texture": "#edge", "cullface": "down" },
                "north": { "uv": [  9, 0,  12, 16 ], "texture": "#edge", "cullface": "north" },
                "south": { "uv": [  12, 0,  15, 16 ], "texture": "#edge", "cullface": "south" },
                "west":  { "uv": [  0, 0, 16, 16 ], "texture": "#bottom", "cullface": "west" },
                "east":  { "uv": [ 16, 0,  0, 16 ], "texture": "#bottom" }
            }
        }
    ]
}
