{
    "textures": {
        "particle": "#texture"
    },
    "elements": [
        {   "from": [ 0, 0, 13 ],
            "to": [ 16, 16, 16 ],
            "faces": {
                "down":  { "uv": [  0, 3, 16, 6 ], "texture": "#edge", "cullface": "down" },
                "up":    { "uv": [  16, 3, 0, 0 ], "texture": "#edge", "cullface": "up" },
                "north": { "uv": [  0,  16, 16, 0 ], "texture": "#texture" },
                "south": { "uv": [  0,  16, 16, 0 ], "texture": "#texture", "cullface": "south" },
                "west":  { "uv": [ 0,  6, 16, 9 ], "rotation": 90,"texture": "#edge", "cullface": "west" },
                "east":  { "uv": [ 16,  12, 0, 9 ], "rotation": 90,"texture": "#edge", "cullface": "east" }
            }
        }
    ]
}
