{
	"credit": "Made with Blockbench",
	"ambientocclusion": false,
	"textures": {
		"1": "block/cmodels/oak_tables",
		"2": "block/cmodels/black_door",
		"3": "block/cmodels/door_metal",
		"particle": "block/cmodels/oak_tables"
	},
	"elements": [
		{
			"from": [0, 0, 0],
			"to": [1, 16, 11],
			"rotation": {"angle": 0, "axis": "y", "origin": [0, 0, 16]},
			"faces": {
				"north": {"uv": [13.811, 0, 2.266, 14.765], "texture": "#1"},
				"east": {"uv": [13.811, 0, 2.266, 14.765], "texture": "#1"},
				"south": {"uv": [13.811, 0, 2.266, 14.765], "texture": "#1"},
				"west": {"uv": [13.811, 0, 2.266, 14.765], "texture": "#1"},
				"down": {"uv": [2.266, 14.765, 13.811, 0], "texture": "#1"}
			}
		},
		{
			"from": [0, 0, 13.9],
			"to": [1, 16, 16],
			"rotation": {"angle": 0, "axis": "y", "origin": [0, 0, 16]},
			"faces": {
				"north": {"uv": [4, 0, 2.125, 14.701], "texture": "#1"},
				"east": {"uv": [4, 0, 2.125, 14.701], "texture": "#1"},
				"south": {"uv": [4, 0, 2.125, 14.701], "texture": "#1"},
				"west": {"uv": [4, 0, 2.125, 14.701], "texture": "#1"},
				"down": {"uv": [2.125, 14.701, 4, 0], "texture": "#1"}
			}
		},
		{
			"from": [0, 0, 11],
			"to": [1, 2, 13.9],
			"rotation": {"angle": 0, "axis": "y", "origin": [0, 0, 16]},
			"faces": {
				"east": {"uv": [4.359, 1.64, 9.547, 0], "rotation": 270, "texture": "#1"},
				"west": {"uv": [4.359, 1.64, 9.547, 0], "rotation": 270, "texture": "#1"},
				"up": {"uv": [9.547, 0, 4.359, 1.64], "rotation": 270, "texture": "#1"},
				"down": {"uv": [9.547, 0, 4.359, 1.64], "rotation": 270, "texture": "#1"}
			}
		},
		{
			"from": [1, 9.1, 1.35],
			"to": [1.5, 9.7, 1.55],
			"rotation": {"angle": 0, "axis": "y", "origin": [8, 11, 8]},
			"faces": {
				"north": {"uv": [0.00781, 0, 0, 0.01563], "texture": "#3"},
				"south": {"uv": [0.00781, 0, 0, 0.01563], "texture": "#3"},
				"up": {"uv": [0.00781, 0, 0, 0.00781], "rotation": 270, "texture": "#3"},
				"down": {"uv": [0.00781, 0, 0, 0.00781], "rotation": 90, "texture": "#3"}
			}
		},
		{
			"from": [-0.5, 9.1, 1.35],
			"to": [0, 9.7, 1.55],
			"rotation": {"angle": 0, "axis": "y", "origin": [6, 11, 8]},
			"faces": {
				"north": {"uv": [0.00781, 0, 0, 0.01563], "texture": "#3"},
				"south": {"uv": [0.00781, 0, 0, 0.01563], "texture": "#3"},
				"up": {"uv": [0.00781, 0, 0, 0.00781], "rotation": 270, "texture": "#3"},
				"down": {"uv": [0.00781, 0, 0, 0.00781], "rotation": 90, "texture": "#3"}
			}
		},
		{
			"from": [1.1, 14.6, 2.15],
			"to": [1.2, 15.2, 2.75],
			"rotation": {"angle": 0, "axis": "y", "origin": [8, 11.5, 8]},
			"faces": {
				"north": {"uv": [0.00781, 0, 0, 0.01563], "texture": "#3"},
				"east": {"uv": [0.00781, 0, 0, 0.01563], "texture": "#3"},
				"south": {"uv": [0.00781, 0, 0, 0.01563], "texture": "#3"},
				"up": {"uv": [0, 0.01563, 0.00781, 0], "texture": "#3"},
				"down": {"uv": [0, 0.01563, 0.00781, 0], "texture": "#3"}
			}
		},
		{
			"from": [-0.2, 14.6, 2.15],
			"to": [-0.1, 15.2, 2.75],
			"rotation": {"angle": 0, "axis": "y", "origin": [6, 11.5, 8]},
			"faces": {
				"north": {"uv": [0.00781, 0, 0, 0.01563], "texture": "#3"},
				"south": {"uv": [0.00781, 0, 0, 0.01563], "texture": "#3"},
				"west": {"uv": [0.00781, 0, 0, 0.01563], "texture": "#3"},
				"up": {"uv": [0, 0.01563, 0.00781, 0], "texture": "#3"},
				"down": {"uv": [0, 0.01563, 0.00781, 0], "texture": "#3"}
			}
		},
		{
			"from": [0.1, 14.1, -0.05],
			"to": [0.9, 16, 0.05],
			"rotation": {"angle": 0, "axis": "y", "origin": [8, 11, 8]},
			"faces": {
				"north": {"uv": [0.00781, 0, 0, 0.01563], "texture": "#3"},
				"east": {"uv": [0.00781, 0, 0, 0.01563], "texture": "#3"},
				"west": {"uv": [0.00781, 0, 0, 0.01563], "texture": "#3"},
				"down": {"uv": [0, 0.01563, 0.00781, 0], "texture": "#3"}
			}
		},
		{
			"from": [0.4, 15.4, -0.25],
			"to": [0.55, 16, -0.05],
			"rotation": {"angle": 0, "axis": "y", "origin": [8, 11, 8]},
			"faces": {
				"north": {"uv": [0.00781, 0, 0, 0.01563], "texture": "#3"},
				"east": {"uv": [0.00781, 0, 0, 0.01563], "texture": "#3"},
				"west": {"uv": [0.00781, 0, 0, 0.01563], "texture": "#3"},
				"down": {"uv": [0, 0.01563, 0.00781, 0], "texture": "#3"}
			}
		},
		{
			"from": [0.1, 2, 13.85],
			"to": [0.4, 16, 13.95],
			"rotation": {"angle": 0, "axis": "y", "origin": [8, 11, 8]},
			"faces": {
				"north": {"uv": [0.00781, 0, 0, 0.01563], "texture": "#3"},
				"west": {"uv": [0.00781, 0, 0, 0.01563], "texture": "#3"}
			}
		},
		{
			"from": [0.1, 2, 10.95],
			"to": [0.4, 16, 11.05],
			"rotation": {"angle": 0, "axis": "y", "origin": [8, 11, 5.1]},
			"faces": {
				"south": {"uv": [0.00781, 0, 0, 0.01563], "texture": "#3"},
				"west": {"uv": [0.00781, 0, 0, 0.01563], "texture": "#3"}
			}
		},
		{
			"from": [0.1, 2, 11.05],
			"to": [0.4, 2.1, 13.85],
			"rotation": {"angle": 0, "axis": "y", "origin": [8, 11, 8]},
			"faces": {
				"west": {"uv": [0, 0.00781, 0.00781, 0], "rotation": 270, "texture": "#3"},
				"up": {"uv": [0.00781, 0, 0, 0.00781], "rotation": 270, "texture": "#3"}
			}
		},
		{
			"from": [0.5, 2, 13.85],
			"to": [0.9, 16, 13.95],
			"rotation": {"angle": 0, "axis": "y", "origin": [8, 11, 8]},
			"faces": {
				"north": {"uv": [0.00781, 0, 0, 0.01563], "texture": "#3"},
				"east": {"uv": [0.00781, 0, 0, 0.01563], "texture": "#3"}
			}
		},
		{
			"from": [0.4, 2, 13.85],
			"to": [0.5, 16, 13.95],
			"rotation": {"angle": 0, "axis": "y", "origin": [8, 11, 8]},
			"faces": {
				"north": {"uv": [0.00781, 0, 0, 0.01563], "texture": "#2"}
			}
		},
		{
			"from": [0.4, 2, 10.95],
			"to": [0.5, 16, 11.05],
			"rotation": {"angle": 0, "axis": "y", "origin": [8, 11, 8]},
			"faces": {
				"south": {"uv": [0.00781, 0, 0, 0.01563], "texture": "#2"}
			}
		},
		{
			"from": [0.4, 2, 11.05],
			"to": [0.5, 2.1, 13.85],
			"rotation": {"angle": 0, "axis": "y", "origin": [8, 11, 8]},
			"faces": {
				"up": {"uv": [0.00781, 0, 0, 0.00781], "rotation": 270, "texture": "#2"}
			}
		},
		{
			"from": [0.5, 2, 10.95],
			"to": [0.9, 16, 11.05],
			"rotation": {"angle": 0, "axis": "y", "origin": [8, 11, 5.1]},
			"faces": {
				"east": {"uv": [0.00781, 0, 0, 0.01563], "texture": "#3"},
				"south": {"uv": [0.00781, 0, 0, 0.01563], "texture": "#3"}
			}
		},
		{
			"from": [0.5, 2, 11.05],
			"to": [0.9, 2.1, 13.85],
			"rotation": {"angle": 0, "axis": "y", "origin": [8, 11, 8]},
			"faces": {
				"east": {"uv": [0, 0.00781, 0.00781, 0], "rotation": 270, "texture": "#3"},
				"up": {"uv": [0.00781, 0, 0, 0.00781], "rotation": 270, "texture": "#3"}
			}
		},
		{
			"from": [1.5, 7.6, 1.1],
			"to": [1.7, 16, 1.8],
			"rotation": {"angle": 0, "axis": "y", "origin": [8, 15, 8]},
			"faces": {
				"north": {"uv": [4.789, 0.063, 3.625, 16], "texture": "#3"},
				"east": {"uv": [1.953, 0, 0, 15.999], "texture": "#3"},
				"south": {"uv": [9.193, 0, 8.14, 15.999], "texture": "#3"},
				"west": {"uv": [3.124, 0, 1.375, 15.998], "texture": "#3"},
				"down": {"uv": [12.891, 3.672, 10.891, 4.633], "rotation": 90, "texture": "#3"}
			}
		},
		{
			"from": [-0.7, 7.6, 1.1],
			"to": [-0.5, 16, 1.8],
			"rotation": {"angle": 0, "axis": "y", "origin": [6, 15, 8]},
			"faces": {
				"north": {"uv": [4.789, 0.063, 3.625, 16], "texture": "#3"},
				"east": {"uv": [1.953, 0, 0, 15.999], "texture": "#3"},
				"south": {"uv": [9.193, 0, 8.14, 15.999], "texture": "#3"},
				"west": {"uv": [3.124, 0, 1.375, 15.998], "texture": "#3"},
				"down": {"uv": [12.891, 3.672, 10.891, 4.633], "rotation": 90, "texture": "#3"}
			}
		},
		{
			"from": [-0.1, 0.2, 0.1],
			"to": [1.1, 1.9, 15.9],
			"rotation": {"angle": 0, "axis": "y", "origin": [6.9, 8, 8]},
			"faces": {
				"north": {"uv": [12.35938, 13.23438, 15.78125, 10.79688], "rotation": 90, "texture": "#1"},
				"east": {"uv": [15.78125, 10.79688, 0.15625, 13.23438], "texture": "#1"},
				"south": {"uv": [6.07813, 13.23438, 9.375, 10.79688], "rotation": 90, "texture": "#1"},
				"west": {"uv": [15.78125, 10.79688, 0.15625, 13.23438], "texture": "#1"},
				"up": {"uv": [15.78125, 10.79688, 0.15625, 13.23438], "rotation": 90, "texture": "#1"},
				"down": {"uv": [15.78125, 10.79688, 0.15625, 13.23438], "rotation": 90, "texture": "#1"}
			}
		},
		{
			"from": [-0.1, 2.1, 0.1],
			"to": [1.1, 3.8, 10.9],
			"rotation": {"angle": 0, "axis": "y", "origin": [6.9, 8, 8]},
			"faces": {
				"north": {"uv": [9, 15.8125, 13.23438, 13.71875], "rotation": 90, "texture": "#1"},
				"east": {"uv": [14.253, 13.563, 1.859, 16], "texture": "#1"},
				"south": {"uv": [10.89063, 15.90625, 14.28125, 13.46875], "rotation": 90, "texture": "#1"},
				"west": {"uv": [14.253, 13.563, 1.859, 16], "texture": "#1"},
				"up": {"uv": [14.17525, 13.4375, 1.78125, 15.8745], "rotation": 90, "texture": "#1"},
				"down": {"uv": [14.17525, 13.4375, 1.78125, 15.8745], "rotation": 90, "texture": "#1"}
			}
		},
		{
			"from": [-0.1, 2.1, 14.1],
			"to": [1.1, 3.8, 15.9],
			"rotation": {"angle": 0, "axis": "y", "origin": [6.9, 8, 22]},
			"faces": {
				"north": {"uv": [4.96875, 15.875, 7.79688, 13.4375], "rotation": 90, "texture": "#1"},
				"east": {"uv": [7.45313, 10.76563, 4.71875, 13.20313], "texture": "#1"},
				"south": {"uv": [11.73438, 15.90625, 14.14063, 13.46875], "rotation": 90, "texture": "#1"},
				"west": {"uv": [14.53125, 10.79688, 11.34375, 13.23438], "texture": "#1"},
				"up": {"uv": [14.01563, 13.4375, 11.21875, 15.875], "rotation": 90, "texture": "#1"},
				"down": {"uv": [14.21875, 13.40625, 11.51563, 15.84375], "rotation": 90, "texture": "#1"}
			}
		},
		{
			"from": [-0.1, 4, 0.1],
			"to": [1.1, 5.7, 10.9],
			"rotation": {"angle": 0, "axis": "y", "origin": [6.9, 8, 8]},
			"faces": {
				"north": {"uv": [10.90625, 10.46875, 14.25, 8.5625], "rotation": 90, "texture": "#1"},
				"east": {"uv": [14.253, 8.032, 1.859, 10.468], "texture": "#1"},
				"south": {"uv": [11.09375, 10.28125, 14.07813, 8.17188], "rotation": 90, "texture": "#1"},
				"west": {"uv": [14.253, 8.032, 1.859, 10.468], "texture": "#1"},
				"up": {"uv": [14.25, 8.35938, 1.85938, 10.46875], "rotation": 90, "texture": "#1"},
				"down": {"uv": [14.25, 8.51563, 1.85938, 10.46875], "rotation": 90, "texture": "#1"}
			}
		},
		{
			"from": [-0.1, 4, 14.1],
			"to": [1.1, 5.7, 15.9],
			"rotation": {"angle": 0, "axis": "y", "origin": [6.9, 8, 22]},
			"faces": {
				"north": {"uv": [10.85938, 13.20313, 13.10938, 10.76563], "rotation": 90, "texture": "#1"},
				"east": {"uv": [15.51563, 8.09375, 12.92188, 10.53125], "texture": "#1"},
				"south": {"uv": [4.84375, 7.84375, 7.0625, 5.40625], "rotation": 90, "texture": "#1"},
				"west": {"uv": [14.25, 8.03125, 12.03125, 10.46875], "texture": "#1"},
				"up": {"uv": [14.21875, 8.09375, 11.9375, 10.53125], "rotation": 90, "texture": "#1"},
				"down": {"uv": [14.04688, 8.0625, 11.57813, 10.5], "rotation": 90, "texture": "#1"}
			}
		},
		{
			"from": [-0.1, 5.9, 0.1],
			"to": [1.1, 7.6, 10.9],
			"rotation": {"angle": 0, "axis": "y", "origin": [6.9, 8, 8]},
			"faces": {
				"north": {"uv": [11.23438, 7.90625, 13.90625, 5.46875], "rotation": 90, "texture": "#1"},
				"east": {"uv": [13.90963, 5.46875, 1.51563, 7.90475], "texture": "#1"},
				"south": {"uv": [10.95313, 7.90625, 13.90625, 5.46875], "rotation": 90, "texture": "#1"},
				"west": {"uv": [13.90963, 5.46875, 1.51563, 7.90475], "texture": "#1"},
				"up": {"uv": [13.90963, 5.46875, 1.51563, 7.90475], "rotation": 90, "texture": "#1"},
				"down": {"uv": [13.90963, 5.46875, 1.51563, 7.90475], "rotation": 90, "texture": "#1"}
			}
		},
		{
			"from": [-0.1, 7.8, 0.1],
			"to": [1.1, 9.5, 10.9],
			"rotation": {"angle": 0, "axis": "y", "origin": [6.9, 8, 8]},
			"faces": {
				"north": {"uv": [10.60938, 5.23438, 14.40625, 2.79688], "rotation": 90, "texture": "#1"},
				"east": {"uv": [14.347, 2.578, 1.953, 5.013], "texture": "#1"},
				"south": {"uv": [11.60938, 5.23438, 14.34375, 2.79688], "rotation": 90, "texture": "#1"},
				"west": {"uv": [14.37838, 2.82813, 1.98438, 5.26313], "texture": "#1"},
				"up": {"uv": [14.47213, 2.76563, 2.07813, 5.20063], "rotation": 90, "texture": "#1"},
				"down": {"uv": [14.44088, 2.79688, 2.04688, 5.23188], "rotation": 90, "texture": "#1"}
			}
		},
		{
			"from": [-0.1, 5.9, 14.1],
			"to": [1.1, 7.6, 15.9],
			"rotation": {"angle": 0, "axis": "y", "origin": [6.9, 8, 22]},
			"faces": {
				"north": {"uv": [11.875, 10.46875, 14.25, 8.03125], "rotation": 90, "texture": "#1"},
				"east": {"uv": [11.51563, 5.5625, 9.10938, 8], "texture": "#1"},
				"south": {"uv": [11.65625, 10.46875, 14.25, 8.03125], "rotation": 90, "texture": "#1"},
				"west": {"uv": [14.25, 8.03125, 11.42188, 10.46875], "texture": "#1"},
				"up": {"uv": [14.25, 8.03125, 11.8125, 10.46875], "rotation": 90, "texture": "#1"},
				"down": {"uv": [14.28125, 8.09375, 12.09375, 10.53125], "rotation": 90, "texture": "#1"}
			}
		},
		{
			"from": [-0.1, 7.8, 14.1],
			"to": [1.1, 9.5, 15.9],
			"rotation": {"angle": 0, "axis": "y", "origin": [6.9, 8, 22]},
			"faces": {
				"north": {"uv": [6.01563, 5.20313, 8.26563, 2.76563], "rotation": 90, "texture": "#1"},
				"east": {"uv": [12.48438, 2.76563, 9.75, 5.20313], "texture": "#1"},
				"south": {"uv": [8.35938, 5.20313, 10.96875, 2.76563], "rotation": 90, "texture": "#1"},
				"west": {"uv": [4.53125, 2.82813, 1.92188, 5.26563], "texture": "#1"},
				"up": {"uv": [14.40625, 2.82813, 11.60938, 5.26563], "rotation": 90, "texture": "#1"},
				"down": {"uv": [4.57813, 2.82813, 2.04688, 5.26563], "rotation": 90, "texture": "#1"}
			}
		},
		{
			"from": [-0.1, 9.7, 0.1],
			"to": [1.1, 11.4, 10.9],
			"rotation": {"angle": 0, "axis": "y", "origin": [6.9, 8, 8]},
			"faces": {
				"north": {"uv": [12.15625, 2.53125, 14.5, 0.09375], "rotation": 90, "texture": "#1"},
				"east": {"uv": [14.425, 0, 2.032, 2.435], "texture": "#1"},
				"south": {"uv": [11.34375, 2.53125, 14.4375, 0.09375], "rotation": 90, "texture": "#1"},
				"west": {"uv": [14.425, 0, 2.032, 2.435], "texture": "#1"},
				"up": {"uv": [14.50238, 0.09375, 2.10938, 2.52875], "rotation": 90, "texture": "#1"},
				"down": {"uv": [14.40863, 0.125, 2.01563, 2.56], "rotation": 90, "texture": "#1"}
			}
		},
		{
			"from": [-0.1, 9.7, 14.1],
			"to": [1.1, 11.4, 15.9],
			"rotation": {"angle": 0, "axis": "y", "origin": [6.9, 8, 22]},
			"faces": {
				"north": {"uv": [1.98438, 2.53125, 4.0625, 0.09375], "rotation": 90, "texture": "#1"},
				"east": {"uv": [10.70313, 0.09375, 8.20313, 2.53125], "texture": "#1"},
				"south": {"uv": [8.23438, 2.5, 10.875, 0.0625], "rotation": 90, "texture": "#1"},
				"west": {"uv": [14.40625, 0.15625, 11.84375, 2.59375], "texture": "#1"},
				"up": {"uv": [4.32813, 0.15625, 1.98438, 2.59375], "rotation": 90, "texture": "#1"},
				"down": {"uv": [14.4375, 0.125, 12.51563, 2.5625], "rotation": 90, "texture": "#1"}
			}
		},
		{
			"from": [-0.1, 11.6, 0.1],
			"to": [1.1, 13.3, 10.9],
			"rotation": {"angle": 0, "axis": "y", "origin": [6.9, 8, 8]},
			"faces": {
				"north": {"uv": [11.45313, 15.89063, 14.21875, 13.5], "rotation": 90, "texture": "#1"},
				"east": {"uv": [14.252, 13.609, 1.859, 16], "texture": "#1"},
				"south": {"uv": [14.25, 13.4375, 11.57813, 15.82813], "texture": "#1"},
				"west": {"uv": [14.252, 13.609, 1.859, 16], "texture": "#1"},
				"up": {"uv": [14.31488, 13.4375, 1.92188, 15.8285], "rotation": 90, "texture": "#1"},
				"down": {"uv": [14.22113, 13.4375, 1.82813, 15.8285], "rotation": 90, "texture": "#1"}
			}
		},
		{
			"from": [-0.1, 11.6, 14.1],
			"to": [1.1, 13.3, 15.9],
			"rotation": {"angle": 0, "axis": "y", "origin": [6.9, 8, 22]},
			"faces": {
				"north": {"uv": [12.26563, 15.85938, 14.3125, 13.46875], "rotation": 90, "texture": "#1"},
				"east": {"uv": [15.51563, 5.5, 12.42188, 7.89063], "texture": "#1"},
				"south": {"uv": [12.14063, 15.85938, 14.21875, 13.46875], "rotation": 90, "texture": "#1"},
				"west": {"uv": [14.25, 13.5, 11.6875, 15.89063], "texture": "#1"},
				"up": {"uv": [14.21875, 13.46875, 12.14063, 15.85938], "rotation": 90, "texture": "#1"},
				"down": {"uv": [14.3125, 13.46875, 12.48438, 15.85938], "rotation": 90, "texture": "#1"}
			}
		},
		{
			"from": [-0.1, 13.5, 0.1],
			"to": [1.1, 15.2, 10.9],
			"rotation": {"angle": 0, "axis": "y", "origin": [6.9, 8, 8]},
			"faces": {
				"north": {"uv": [11.8125, 13.1875, 14.3125, 10.79688], "rotation": 90, "texture": "#1"},
				"south": {"uv": [13.34375, 13.21875, 15.42188, 10.82813], "rotation": 90, "texture": "#1"},
				"west": {"uv": [14.28263, 10.79688, 1.89063, 13.18788], "texture": "#1"},
				"up": {"uv": [14.28263, 10.79688, 1.89063, 13.18788], "rotation": 90, "texture": "#1"},
				"down": {"uv": [14.28263, 10.79688, 1.89063, 13.18788], "rotation": 90, "texture": "#1"}
			}
		},
		{
			"from": [-0.1, 13.5, 14.1],
			"to": [1.1, 15.2, 15.9],
			"rotation": {"angle": 0, "axis": "y", "origin": [6.9, 8, 22]},
			"faces": {
				"north": {"uv": [12.10938, 13.15625, 14.28125, 10.76563], "rotation": 90, "texture": "#1"},
				"east": {"uv": [8.03125, 10.79688, 5.625, 13.1875], "texture": "#1"},
				"south": {"uv": [12.03125, 13.21875, 14.28125, 10.82813], "rotation": 90, "texture": "#1"},
				"west": {"uv": [14.375, 10.76563, 12.625, 13.15625], "texture": "#1"},
				"up": {"uv": [15.5, 10.85938, 12.9375, 13.25], "rotation": 90, "texture": "#1"},
				"down": {"uv": [14.3125, 10.76563, 12.0625, 13.15625], "rotation": 90, "texture": "#1"}
			}
		},
		{
			"from": [-0.1, 15.4, 0.1],
			"to": [1.1, 16, 10.9],
			"rotation": {"angle": 0, "axis": "y", "origin": [6.9, 8, 8]},
			"faces": {
				"north": {"uv": [12.59375, 13.1875, 14.28125, 10.79688], "rotation": 90, "texture": "#1"},
				"east": {"uv": [14.25, 12.54688, 1.85938, 13.1875], "texture": "#1"},
				"south": {"uv": [1.89063, 13.1875, 4, 10.79688], "rotation": 90, "texture": "#1"},
				"west": {"uv": [14.29688, 12.23438, 1.90625, 13.0625], "texture": "#1"},
				"down": {"uv": [12.62638, 10.79688, 0.23438, 13.18788], "rotation": 90, "texture": "#1"}
			}
		},
		{
			"from": [-0.1, 15.4, 14.1],
			"to": [1.1, 16, 15.9],
			"rotation": {"angle": 0, "axis": "y", "origin": [6.9, 8, 8]},
			"faces": {
				"north": {"uv": [11.60938, 13.03125, 12.78125, 11], "rotation": 90, "texture": "#1"},
				"east": {"uv": [14.34375, 12.26563, 11.60938, 13.1875], "texture": "#1"},
				"south": {"uv": [11.60938, 13.1875, 12.6875, 10.85938], "rotation": 90, "texture": "#1"},
				"west": {"uv": [14.34375, 12.26563, 11.60938, 13.1875], "texture": "#1"},
				"down": {"uv": [14.34375, 12.26563, 11.60938, 13.1875], "rotation": 90, "texture": "#1"}
			}
		},
		{
			"from": [0.1, 3, 16],
			"to": [0.9, 6, 16.1],
			"rotation": {"angle": 0, "axis": "y", "origin": [0, 0, 16]},
			"faces": {
				"east": {"uv": [2.394, 0, 0, 5.5], "texture": "#3"},
				"south": {"uv": [2.394, 0, 0, 5.5], "texture": "#3"},
				"west": {"uv": [2.394, 0, 0, 5.5], "texture": "#3"},
				"up": {"uv": [0, 5.5, 2.394, 0], "texture": "#3"},
				"down": {"uv": [0, 5.5, 2.394, 0], "texture": "#3"}
			}
		}
	],
	"groups": [
		{
			"name": "group",
			"origin": [8, 8, 8],
			"color": 0,
			"children": [0, 1, 2, 3, 4, 5, 6, 7, 8, 9, 10, 11, 12, 13, 14, 15, 16, 17, 18, 19, 20, 21, 22, 23, 24, 25, 26, 27, 28, 29, 30, 31, 32, 33, 34, 35, 36]
		}, 37]
}