{
	"credit": "Made with Blockbench",
	"ambientocclusion": false,
	"textures": {
		"1": "block/cmodels/oak_tables",
		"2": "block/cmodels/black_door",
		"3": "block/cmodels/door_metal",
		"particle": "block/cmodels/oak_tables"
	},
	"elements": [
		{
			"from": [0.1, 0, 13.85],
			"to": [0.4, 14, 13.95],
			"rotation": {"angle": 0, "axis": "y", "origin": [8, -5, 8]},
			"faces": {
				"north": {"uv": [0.00781, 0, 0, 0.01563], "texture": "#3"}
			}
		},
		{
			"from": [0.5, 0, 13.85],
			"to": [0.9, 14, 13.95],
			"rotation": {"angle": 0, "axis": "y", "origin": [8, -5, 8]},
			"faces": {
				"north": {"uv": [0.00781, 0, 0, 0.01563], "texture": "#3"},
				"east": {"uv": [0.00781, 0, 0, 0.01563], "texture": "#3"}
			}
		},
		{
			"from": [0.5, 0, 10.95],
			"to": [0.9, 14, 11.05],
			"rotation": {"angle": 0, "axis": "y", "origin": [8, -5, 5.1]},
			"faces": {
				"east": {"uv": [0.00781, 0, 0, 0.01563], "texture": "#3"},
				"south": {"uv": [0.00781, 0, 0, 0.01563], "texture": "#3"}
			}
		},
		{
			"from": [0.1, 0, 10.95],
			"to": [0.4, 14, 11.05],
			"rotation": {"angle": 0, "axis": "y", "origin": [8, -5, 5.1]},
			"faces": {
				"south": {"uv": [0.00781, 0, 0, 0.01563], "texture": "#3"},
				"west": {"uv": [0.00781, 0, 0, 0.01563], "texture": "#3"}
			}
		},
		{
			"from": [0.4, 0, 13.85],
			"to": [0.5, 14, 13.95],
			"rotation": {"angle": 0, "axis": "y", "origin": [8, -5, 8]},
			"faces": {
				"north": {"uv": [0.00781, 0, 0, 0.01563], "texture": "#2"}
			}
		},
		{
			"from": [0.4, 0, 10.95],
			"to": [0.5, 14, 11.05],
			"rotation": {"angle": 0, "axis": "y", "origin": [8, -5, 8]},
			"faces": {
				"south": {"uv": [0.00781, 0, 0, 0.01563], "texture": "#2"}
			}
		},
		{
			"from": [0, 0, 0],
			"to": [1, 16, 11],
			"rotation": {"angle": 0, "axis": "y", "origin": [0, 0, 16]},
			"faces": {
				"north": {"uv": [14.201, 0, 1.672, 15.999], "texture": "#1"},
				"east": {"uv": [14.201, 0, 1.672, 15.999], "texture": "#1"},
				"south": {"uv": [14.201, 0, 1.672, 15.999], "texture": "#1"},
				"west": {"uv": [14.201, 0, 1.672, 15.999], "texture": "#1"},
				"up": {"uv": [1.672, 15.999, 14.201, 0], "texture": "#1"}
			}
		},
		{
			"from": [0, 14, 11],
			"to": [1, 16, 13.9],
			"rotation": {"angle": 0, "axis": "y", "origin": [0, 0, 16]},
			"faces": {
				"east": {"uv": [14.25, 0, 9.67188, 2.04688], "texture": "#1"},
				"west": {"uv": [13.53125, 0, 8.95313, 2.48438], "texture": "#1"},
				"up": {"uv": [9.672, 3.985, 14.25, 0], "texture": "#1"},
				"down": {"uv": [9.672, 3.985, 14.25, 0], "texture": "#1"}
			}
		},
		{
			"from": [-0.1, 0, 0.1],
			"to": [1.1, 1.1, 10.9],
			"rotation": {"angle": 0, "axis": "y", "origin": [8, -8, 8]},
			"faces": {
				"north": {"uv": [1.78125, 12.04688, 3.53125, 10.82813], "rotation": 90, "texture": "#1"},
				"east": {"uv": [1.78125, 12.04688, 14.17188, 10.82813], "rotation": 90, "texture": "#1"},
				"south": {"uv": [1.78125, 12.04688, 4.09375, 10.82813], "rotation": 90, "texture": "#1"},
				"west": {"uv": [14.17188, 10.82813, 1.78125, 12.04688], "texture": "#1"},
				"up": {"uv": [14.17188, 10.82813, 1.78125, 12.53125], "rotation": 90, "texture": "#1"}
			}
		},
		{
			"from": [-0.1, 10.8, 0.1],
			"to": [1.1, 12.5, 10.9],
			"rotation": {"angle": 0, "axis": "y", "origin": [8, 7.2, 8]},
			"faces": {
				"north": {"uv": [11.96875, 15.82813, 14.25, 13.4375], "rotation": 90, "texture": "#1"},
				"east": {"uv": [14.25238, 13.4375, 1.85938, 15.8285], "texture": "#1"},
				"south": {"uv": [0.48438, 15.85938, 2.375, 13.46875], "rotation": 90, "texture": "#1"},
				"west": {"uv": [14.25238, 13.4375, 1.85938, 15.8285], "texture": "#1"},
				"up": {"uv": [14.25238, 13.4375, 1.85938, 15.8285], "rotation": 90, "texture": "#1"},
				"down": {"uv": [1.85938, 15.8285, 14.25238, 13.4375], "texture": "#1"}
			}
		},
		{
			"from": [-0.1, 12.7, 0.1],
			"to": [1.1, 14.4, 10.9],
			"rotation": {"angle": 0, "axis": "y", "origin": [8, 7.2, 8]},
			"faces": {
				"north": {"uv": [12.42188, 13.21875, 14.28125, 10.82813], "rotation": 90, "texture": "#1"},
				"east": {"uv": [14.28263, 10.82813, 1.89063, 13.21913], "texture": "#1"},
				"south": {"uv": [12.03125, 13.21875, 14.28125, 10.82813], "rotation": 90, "texture": "#1"},
				"west": {"uv": [14.28263, 10.82813, 1.89063, 13.21913], "texture": "#1"},
				"up": {"uv": [14.28263, 10.82813, 1.89063, 13.21913], "rotation": 90, "texture": "#1"},
				"down": {"uv": [14.28263, 10.82813, 1.89063, 13.21913], "rotation": 90, "texture": "#1"}
			}
		},
		{
			"from": [-0.1, 8.9, 0.1],
			"to": [1.1, 10.6, 10.9],
			"rotation": {"angle": 0, "axis": "y", "origin": [8, 7.2, 8]},
			"faces": {
				"north": {"uv": [12.57813, 2.5625, 14.40625, 0.125], "rotation": 90, "texture": "#1"},
				"east": {"uv": [14.40863, 0.125, 2.01563, 2.56], "texture": "#1"},
				"south": {"uv": [1.92188, 2.5625, 3.90625, 0.125], "rotation": 90, "texture": "#1"},
				"west": {"uv": [14.40863, 0.125, 2.01563, 2.56], "texture": "#1"},
				"up": {"uv": [14.25238, 0.125, 1.85938, 2.56], "rotation": 90, "texture": "#1"},
				"down": {"uv": [14.34613, 0.09375, 1.95313, 2.52875], "rotation": 90, "texture": "#1"}
			}
		},
		{
			"from": [-0.1, 7, 0.1],
			"to": [1.1, 8.7, 10.9],
			"rotation": {"angle": 0, "axis": "y", "origin": [8, 7.2, 8]},
			"faces": {
				"north": {"uv": [12.20313, 5.20313, 14.34375, 2.76563], "rotation": 90, "texture": "#1"},
				"east": {"uv": [14.34713, 2.76563, 1.95313, 5.20063], "texture": "#1"},
				"south": {"uv": [1.95313, 5.20313, 3.875, 2.76563], "rotation": 90, "texture": "#1"},
				"west": {"uv": [14.34713, 2.76563, 1.95313, 5.20063], "texture": "#1"},
				"up": {"uv": [14.34713, 2.76563, 1.95313, 5.20063], "rotation": 90, "texture": "#1"},
				"down": {"uv": [14.34713, 2.76563, 1.95313, 5.20063], "rotation": 90, "texture": "#1"}
			}
		},
		{
			"from": [-0.1, 5.1, 0.1],
			"to": [1.1, 6.8, 10.9],
			"rotation": {"angle": 0, "axis": "y", "origin": [8, 7.2, 8]},
			"faces": {
				"north": {"uv": [1.85938, 10.53125, 4.14063, 8.09375], "rotation": 90, "texture": "#1"},
				"east": {"uv": [14.25338, 8.09375, 1.85938, 10.52975], "texture": "#1"},
				"south": {"uv": [12.26563, 10.53125, 14.25, 8.09375], "rotation": 90, "texture": "#1"},
				"west": {"uv": [14.25338, 8.09375, 1.85938, 10.52975], "texture": "#1"},
				"up": {"uv": [14.25338, 8.09375, 1.85938, 10.52975], "rotation": 90, "texture": "#1"},
				"down": {"uv": [14.25338, 8.09375, 1.85938, 10.52975], "rotation": 90, "texture": "#1"}
			}
		},
		{
			"from": [-0.1, 3.2, 0.1],
			"to": [1.1, 4.9, 10.9],
			"rotation": {"angle": 0, "axis": "y", "origin": [8, 7.2, 8]},
			"faces": {
				"north": {"uv": [10.89063, 7.875, 12.75, 5.4375], "rotation": 90, "texture": "#1"},
				"east": {"uv": [12.75338, 5.4375, 0.35938, 7.8735], "texture": "#1"},
				"south": {"uv": [0.35938, 7.875, 2.1875, 5.4375], "rotation": 90, "texture": "#1"},
				"west": {"uv": [12.75338, 5.4375, 0.35938, 7.8735], "texture": "#1"},
				"up": {"uv": [12.75338, 5.4375, 0.35938, 7.8735], "rotation": 90, "texture": "#1"},
				"down": {"uv": [12.75338, 5.4375, 0.35938, 7.8735], "rotation": 90, "texture": "#1"}
			}
		},
		{
			"from": [-0.1, 1.3, 0.1],
			"to": [1.1, 3, 10.9],
			"rotation": {"angle": 0, "axis": "y", "origin": [8, 7.2, 8]},
			"faces": {
				"north": {"uv": [0.15625, 15.875, 2.46875, 13.4375], "rotation": 90, "texture": "#1"},
				"east": {"uv": [12.55025, 13.4375, 0.15625, 15.8745], "texture": "#1"},
				"south": {"uv": [0.15625, 15.875, 2.375, 13.4375], "rotation": 90, "texture": "#1"},
				"west": {"uv": [12.55025, 13.4375, 0.15625, 15.8745], "texture": "#1"},
				"up": {"uv": [12.55025, 13.4375, 0.15625, 15.8745], "rotation": 90, "texture": "#1"},
				"down": {"uv": [12.55025, 13.4375, 0.15625, 15.8745], "rotation": 90, "texture": "#1"}
			}
		},
		{
			"from": [-0.1, 14.6, 0.1],
			"to": [1.1, 15.9, 15.9],
			"rotation": {"angle": 0, "axis": "y", "origin": [8, 7.2, 8]},
			"faces": {
				"north": {"uv": [12.42188, 13.21875, 14.28125, 10.92188], "rotation": 90, "texture": "#1"},
				"east": {"uv": [14.28125, 10.92188, 1.89063, 13.21875], "texture": "#1"},
				"south": {"uv": [12.26563, 13.21875, 14.28125, 10.92188], "rotation": 90, "texture": "#1"},
				"west": {"uv": [14.28125, 10.92188, 1.89063, 13.21875], "texture": "#1"},
				"up": {"uv": [14.28125, 10.92188, 1.89063, 13.21875], "rotation": 90, "texture": "#1"},
				"down": {"uv": [14.28125, 10.92188, 1.89063, 13.21875], "rotation": 90, "texture": "#1"}
			}
		},
		{
			"from": [-0.1, 0, 14.1],
			"to": [1.1, 1.1, 15.9],
			"rotation": {"angle": 0, "axis": "y", "origin": [8, -8, 22]},
			"faces": {
				"north": {"uv": [14.32813, 10.89063, 12.15625, 12.04688], "texture": "#1"},
				"east": {"uv": [14.32813, 10.89063, 12.15625, 12.04688], "texture": "#1"},
				"south": {"uv": [14.32813, 10.89063, 12.15625, 12.04688], "texture": "#1"},
				"west": {"uv": [14.32813, 10.89063, 12.15625, 12.04688], "texture": "#1"},
				"up": {"uv": [12.15625, 12.04688, 14.32813, 10.89063], "texture": "#1"}
			}
		},
		{
			"from": [-0.1, 1.3, 14.1],
			"to": [1.1, 3, 15.9],
			"rotation": {"angle": 0, "axis": "y", "origin": [8, 7.2, 22]},
			"faces": {
				"north": {"uv": [12.09375, 13.01563, 14.34375, 10.8125], "rotation": 90, "texture": "#1"},
				"east": {"uv": [14.34375, 10.8125, 12.09375, 13.01563], "texture": "#1"},
				"south": {"uv": [11.40625, 13.01563, 14.34375, 10.875], "rotation": 90, "texture": "#1"},
				"west": {"uv": [14.34375, 10.8125, 12.09375, 13.01563], "texture": "#1"},
				"up": {"uv": [14.34375, 10.8125, 12.09375, 13.01563], "rotation": 90, "texture": "#1"},
				"down": {"uv": [14.34375, 10.8125, 12.09375, 13.01563], "rotation": 90, "texture": "#1"}
			}
		},
		{
			"from": [-0.1, 3.2, 14.1],
			"to": [1.1, 4.9, 15.9],
			"rotation": {"angle": 0, "axis": "y", "origin": [8, 7.2, 22]},
			"faces": {
				"north": {"uv": [11.79688, 10.53125, 14.29688, 8.09375], "rotation": 90, "texture": "#1"},
				"east": {"uv": [14.29688, 8.09375, 11.79688, 10.53125], "texture": "#1"},
				"south": {"uv": [11.79688, 10.53125, 14.29688, 8.09375], "rotation": 90, "texture": "#1"},
				"west": {"uv": [14.29688, 8.09375, 11.79688, 10.53125], "texture": "#1"},
				"up": {"uv": [14.29688, 8.09375, 11.79688, 10.53125], "rotation": 90, "texture": "#1"},
				"down": {"uv": [14.29688, 8.09375, 11.79688, 10.53125], "rotation": 90, "texture": "#1"}
			}
		},
		{
			"from": [-0.1, 5.1, 14.1],
			"to": [1.1, 6.8, 15.9],
			"rotation": {"angle": 0, "axis": "y", "origin": [8, 7.2, 22]},
			"faces": {
				"north": {"uv": [1.78125, 7.84375, 4.28125, 5.40625], "rotation": 90, "texture": "#1"},
				"east": {"uv": [4.28125, 5.40625, 1.78125, 7.84375], "texture": "#1"},
				"south": {"uv": [1.78125, 7.84375, 4.28125, 5.40625], "rotation": 90, "texture": "#1"},
				"west": {"uv": [4.28125, 5.40625, 1.78125, 7.84375], "texture": "#1"},
				"up": {"uv": [4.28125, 5.40625, 1.78125, 7.84375], "rotation": 90, "texture": "#1"},
				"down": {"uv": [4.28125, 5.40625, 1.78125, 7.84375], "rotation": 90, "texture": "#1"}
			}
		},
		{
			"from": [-0.1, 7, 14.1],
			"to": [1.1, 8.7, 15.9],
			"rotation": {"angle": 0, "axis": "y", "origin": [8, 7.2, 22]},
			"faces": {
				"north": {"uv": [13.9375, 5.20313, 15.8125, 2.76563], "rotation": 90, "texture": "#1"},
				"east": {"uv": [15.8125, 2.76563, 13.9375, 5.20313], "rotation": 180, "texture": "#1"},
				"south": {"uv": [13.9375, 5.20313, 15.8125, 2.76563], "rotation": 90, "texture": "#1"},
				"west": {"uv": [15.8125, 2.76563, 13.9375, 5.20313], "texture": "#1"},
				"up": {"uv": [15.8125, 2.76563, 13.9375, 5.20313], "rotation": 90, "texture": "#1"},
				"down": {"uv": [15.8125, 2.76563, 13.9375, 5.20313], "rotation": 90, "texture": "#1"}
			}
		},
		{
			"from": [-0.1, 8.9, 14.1],
			"to": [1.1, 10.6, 15.9],
			"rotation": {"angle": 0, "axis": "y", "origin": [8, 7.2, 22]},
			"faces": {
				"north": {"uv": [12.21875, 2.59375, 14.46875, 0.15625], "rotation": 90, "texture": "#1"},
				"east": {"uv": [14.46875, 0.15625, 12.21875, 2.59375], "texture": "#1"},
				"south": {"uv": [12.21875, 2.59375, 14.46875, 0.15625], "rotation": 90, "texture": "#1"},
				"west": {"uv": [14.46875, 0.15625, 12.21875, 2.59375], "texture": "#1"},
				"up": {"uv": [14.46875, 0.15625, 12.21875, 2.59375], "rotation": 90, "texture": "#1"},
				"down": {"uv": [14.46875, 0.15625, 12.21875, 2.59375], "rotation": 90, "texture": "#1"}
			}
		},
		{
			"from": [-0.1, 10.8, 14.1],
			"to": [1.1, 12.5, 15.9],
			"rotation": {"angle": 0, "axis": "y", "origin": [8, 7.2, 22]},
			"faces": {
				"north": {"uv": [2.14063, 15.85938, 4.84375, 13.46875], "rotation": 90, "texture": "#1"},
				"east": {"uv": [4.84375, 13.46875, 2.14063, 15.85938], "texture": "#1"},
				"south": {"uv": [2.14063, 15.85938, 4.84375, 13.46875], "rotation": 90, "texture": "#1"},
				"west": {"uv": [4.84375, 13.46875, 2.14063, 15.85938], "texture": "#1"},
				"up": {"uv": [4.84375, 13.46875, 2.14063, 15.85938], "rotation": 90, "texture": "#1"},
				"down": {"uv": [4.84375, 13.46875, 2.14063, 15.85938], "rotation": 90, "texture": "#1"}
			}
		},
		{
			"from": [-0.1, 12.7, 14.1],
			"to": [1.1, 14.4, 15.9],
			"rotation": {"angle": 0, "axis": "y", "origin": [8, 7.2, 22]},
			"faces": {
				"north": {"uv": [12, 13.1875, 14.34375, 10.79688], "rotation": 90, "texture": "#1"},
				"east": {"uv": [14.34375, 10.79688, 12, 13.1875], "texture": "#1"},
				"south": {"uv": [12, 13.1875, 14.34375, 10.79688], "rotation": 90, "texture": "#1"},
				"west": {"uv": [14.34375, 10.79688, 12, 13.1875], "texture": "#1"},
				"up": {"uv": [14.34375, 10.79688, 12, 13.1875], "rotation": 90, "texture": "#1"},
				"down": {"uv": [14.34375, 10.79688, 12, 13.1875], "rotation": 90, "texture": "#1"}
			}
		},
		{
			"from": [-0.1, 14.1, 10.9],
			"to": [1.1, 14.4, 14.1],
			"rotation": {"angle": 0, "axis": "y", "origin": [8, 7.2, 22]},
			"faces": {
				"east": {"uv": [14.14063, 10.98438, 10.79688, 11.48438], "texture": "#1"},
				"west": {"uv": [14.14063, 10.98438, 10.79688, 11.48438], "texture": "#1"},
				"up": {"uv": [14.14063, 10.98438, 10.79688, 12.71875], "rotation": 90, "texture": "#1"},
				"down": {"uv": [14.14063, 10.98438, 10.79688, 12.75], "rotation": 90, "texture": "#1"}
			}
		},
		{
			"from": [0.5, 13.9, 10.95],
			"to": [0.9, 14, 13.85],
			"rotation": {"angle": 0, "axis": "y", "origin": [8, 22.9, 8]},
			"faces": {
				"east": {"uv": [0, 0.00781, 0.00781, 0], "rotation": 270, "texture": "#3"},
				"down": {"uv": [0.00781, 0, 0, 0.00781], "rotation": 270, "texture": "#3"}
			}
		},
		{
			"from": [0.4, 13.9, 11.05],
			"to": [0.5, 14, 13.85],
			"rotation": {"angle": 0, "axis": "y", "origin": [8, 22.9, 8]},
			"faces": {
				"down": {"uv": [0.00781, 0, 0, 0.00781], "rotation": 90, "texture": "#2"}
			}
		},
		{
			"from": [0.1, 13.9, 11.05],
			"to": [0.4, 14, 13.85],
			"rotation": {"angle": 0, "axis": "y", "origin": [8, 22.9, 8]},
			"faces": {
				"west": {"uv": [0, 0.00781, 0.00781, 0], "rotation": 270, "texture": "#3"},
				"down": {"uv": [0.00781, 0, 0, 0.00781], "rotation": 270, "texture": "#3"}
			}
		},
		{
			"from": [0.1, 0, -0.05],
			"to": [0.9, 1.7, 0.05],
			"rotation": {"angle": 0, "axis": "y", "origin": [8, -5, 8]},
			"faces": {
				"north": {"uv": [0.00781, 0, 0, 0.01563], "texture": "#3"},
				"east": {"uv": [0.00781, 0, 0, 0.01563], "texture": "#3"},
				"west": {"uv": [0.00781, 0, 0, 0.01563], "texture": "#3"},
				"up": {"uv": [0, 0.01563, 0.00781, 0], "texture": "#3"}
			}
		},
		{
			"from": [0.4, 0, -0.25],
			"to": [0.55, 0.3, -0.05],
			"rotation": {"angle": 0, "axis": "y", "origin": [8, -5, 8]},
			"faces": {
				"north": {"uv": [0.00781, 0, 0, 0.01563], "texture": "#3"},
				"east": {"uv": [0.00781, 0, 0, 0.01563], "texture": "#3"},
				"west": {"uv": [0.00781, 0, 0, 0.01563], "texture": "#3"},
				"up": {"uv": [0, 0.01563, 0.00781, 0], "texture": "#3"}
			}
		},
		{
			"from": [1.5, 0, 1.1],
			"to": [1.7, 8.4, 1.8],
			"rotation": {"angle": 0, "axis": "y", "origin": [8, 7.4, 8]},
			"faces": {
				"north": {"uv": [4.789, 0.063, 3.625, 16], "texture": "#3"},
				"east": {"uv": [1.953, 0, 0, 15.999], "texture": "#3"},
				"south": {"uv": [9.193, 0, 8.14, 15.999], "texture": "#3"},
				"west": {"uv": [3.124, 0, 1.375, 15.998], "texture": "#3"},
				"up": {"uv": [0.01563, 0, 0, 0.00781], "rotation": 270, "texture": "#3"}
			}
		},
		{
			"from": [1, 6.4, 1.35],
			"to": [1.5, 7, 1.55],
			"rotation": {"angle": 0, "axis": "y", "origin": [8, 3.4, 8]},
			"faces": {
				"north": {"uv": [0.00781, 0, 0, 0.01563], "texture": "#3"},
				"south": {"uv": [0.00781, 0, 0, 0.01563], "texture": "#3"},
				"up": {"uv": [0.00781, 0, 0, 0.00781], "rotation": 270, "texture": "#3"},
				"down": {"uv": [0.00781, 0, 0, 0.00781], "rotation": 90, "texture": "#3"}
			}
		},
		{
			"from": [-0.5, 6.4, 1.35],
			"to": [0, 7, 1.55],
			"rotation": {"angle": 0, "axis": "y", "origin": [6, 3.4, 8]},
			"faces": {
				"north": {"uv": [0.00781, 0, 0, 0.01563], "texture": "#3"},
				"south": {"uv": [0.00781, 0, 0, 0.01563], "texture": "#3"},
				"up": {"uv": [0.00781, 0, 0, 0.00781], "rotation": 270, "texture": "#3"},
				"down": {"uv": [0.00781, 0, 0, 0.00781], "rotation": 90, "texture": "#3"}
			}
		},
		{
			"from": [-0.7, 0, 1.1],
			"to": [-0.5, 8.4, 1.8],
			"rotation": {"angle": 0, "axis": "y", "origin": [6, 7.4, 8]},
			"faces": {
				"north": {"uv": [4.789, 0.063, 3.625, 16], "texture": "#3"},
				"east": {"uv": [1.953, 0, 0, 15.999], "texture": "#3"},
				"south": {"uv": [9.193, 0, 8.14, 15.999], "texture": "#3"},
				"west": {"uv": [3.124, 0, 1.375, 15.998], "texture": "#3"},
				"up": {"uv": [0.01563, 0, 0, 0.00781], "rotation": 270, "texture": "#3"}
			}
		},
		{
			"from": [0, 0, 13.9],
			"to": [1, 16, 16],
			"rotation": {"angle": 0, "axis": "y", "origin": [8, -8, 8]},
			"faces": {
				"north": {"uv": [4, 0, 2.125, 15.997], "texture": "#1"},
				"east": {"uv": [4, 0, 2.125, 15.997], "texture": "#1"},
				"south": {"uv": [4, 0, 2.125, 15.997], "texture": "#1"},
				"west": {"uv": [4, 0, 2.125, 15.997], "texture": "#1"},
				"up": {"uv": [2.125, 15.997, 4, 0], "texture": "#1"}
			}
		},
		{
			"from": [0.1, 10.3, 16],
			"to": [0.9, 13, 16.1],
			"rotation": {"angle": 0, "axis": "y", "origin": [0, 0, 16]},
			"faces": {
				"east": {"uv": [2.613, 0, 0, 6.341], "texture": "#3"},
				"south": {"uv": [2.613, 0, 0, 6.341], "texture": "#3"},
				"west": {"uv": [2.613, 0, 0, 6.341], "texture": "#3"},
				"up": {"uv": [0, 6.341, 2.613, 0], "texture": "#3"},
				"down": {"uv": [0, 6.341, 2.613, 0], "texture": "#3"}
			}
		}
	],
	"groups": [
		{
			"name": "top",
			"origin": [8, 8, 8],
			"color": 0,
			"children": [
				{
					"name": "group",
					"origin": [8, 8, 8],
					"color": 0,
					"children": [0, 1, 2, 3, 4, 5, 6, 7, 8, 9, 10, 11, 12, 13, 14, 15, 16, 17, 18, 19, 20, 21, 22, 23, 24, 25, 26, 27, 28, 29, 30, 31, 32, 33, 34, 35]
				}
			]
		}, 36]
}