{
	"credit": "Made with Blockbench",
	"textures": {
		"0": "block/cmodels/furnace_front_on",
		"1": "block/cmodels/furnace_back",
		"2": "block/cmodels/furnace_top_on",
		"3": "block/cmodels/furnace_side",
		"4": "block/cmodels/furnace_down",
		"5": "block/cmodels/furnace_side2",
		"6": "block/cmodels/oven_handle",
		"particle": "block/cmodels/furnace_down"
	},
	"elements": [
		{
			"from": [0, 0, 0],
			"to": [16, 16, 16],
			"faces": {
				"north": {"uv": [0, 0, 16, 16], "texture": "#0"},
				"east": {"uv": [0, 0, 16, 16], "texture": "#5"},
				"south": {"uv": [0, 0, 16, 16], "texture": "#1"},
				"west": {"uv": [0, 0, 16, 16], "texture": "#3"},
				"up": {"uv": [0, 0, 16, 16], "rotation": 180, "texture": "#2"},
				"down": {"uv": [0, 0, 16, 16], "texture": "#4"}
			}
		},
		{
			"from": [2.3, 11.9, -0.7],
			"to": [13.7, 12.6, -0.4],
			"faces": {
				"north": {"uv": [0, 0, 11.4, 0.7], "texture": "#6"},
				"east": {"uv": [0, 0, 11.4, 0.7], "texture": "#6"},
				"south": {"uv": [0, 0, 11.4, 0.7], "texture": "#6"},
				"west": {"uv": [0, 0, 11.4, 0.7], "texture": "#6"},
				"up": {"uv": [0, 0, 11.4, 0.7], "texture": "#6"},
				"down": {"uv": [0, 0, 11.4, 0.7], "texture": "#6"}
			}
		},
		{
			"from": [2.3, 11.9, -0.4],
			"to": [3.1, 12.6, 0],
			"faces": {
				"east": {"uv": [0, 0, 0.8, 0.4], "texture": "#6"},
				"west": {"uv": [0, 0, 0.8, 0.4], "texture": "#6"},
				"up": {"uv": [0, 0, 0.8, 0.4], "texture": "#6"},
				"down": {"uv": [0, 0, 0.8, 0.4], "texture": "#6"}
			}
		},
		{
			"from": [12.9, 11.9, -0.4],
			"to": [13.7, 12.6, 0],
			"faces": {
				"east": {"uv": [0, 0, 0.8, 0.4], "texture": "#6"},
				"west": {"uv": [0, 0, 0.8, 0.4], "texture": "#6"},
				"up": {"uv": [0, 0, 0.8, 0.4], "texture": "#6"},
				"down": {"uv": [0, 0, 0.8, 0.4], "texture": "#6"}
			}
		}
	],
	"display": {
		"thirdperson_righthand": {
			"rotation": [75, 45, 0],
			"translation": [0, 2.5, 0],
			"scale": [0.375, 0.375, 0.375]
		},
		"firstperson_righthand": {
			"rotation": [0, 45, 0],
			"scale": [0.4, 0.4, 0.4]
		},
		"firstperson_lefthand": {
			"rotation": [0, 225, 0],
			"scale": [0.4, 0.4, 0.4]
		},
		"ground": {
			"translation": [0, 3, 0],
			"scale": [0.25, 0.25, 0.25]
		},
		"gui": {
			"rotation": [30, 225, 0],
			"scale": [0.625, 0.625, 0.625]
		},
		"fixed": {
			"scale": [0.5, 0.5, 0.5]
		}
	}
}