{
	"credit": "Made with Blockbench",
	"textures": {
		"1": "block/cmodels/lantern_metal_grid",
		"2": "block/cmodels/lantern_metal",
		"particle": "block/cmodels/lantern_metal"
	},
	"elements": [
		{
			"name": "hexadecagon",
			"from": [10.91588, 1.5, -2],
			"to": [11.71153, 8.5, 2],
			"rotation": {"angle": -45, "axis": "y", "origin": [0, 0, 0]},
			"faces": {
				"north": {"uv": [0, 0, 0.875, 8.874], "texture": "#1"},
				"east": {"uv": [0.188, 0.188, 0.281, 0.281], "texture": "#1"},
				"south": {"uv": [0, 0, 0.875, 8.874], "texture": "#1"},
				"west": {"uv": [0.188, 0.188, 0.281, 0.281], "texture": "#1"},
				"up": {"uv": [0.156, 0.188, 0.25, 0.281], "texture": "#1"},
				"down": {"uv": [0.203, 0.172, 0.297, 0.266], "texture": "#1"}
			}
		},
		{
			"name": "hexadecagon",
			"from": [10.05468, 1.5, 2.32957],
			"to": [10.85033, 8.5, 6.32957],
			"rotation": {"angle": -22.5, "axis": "y", "origin": [0, 0, 0]},
			"faces": {
				"north": {"uv": [0, 0, 0.875, 8.875], "texture": "#1"},
				"east": {"uv": [0.203, 0.156, 0.297, 0.25], "texture": "#1"},
				"south": {"uv": [0, 0, 0.875, 8.89], "texture": "#1"},
				"west": {"uv": [0.188, 0.203, 0.281, 0.297], "texture": "#1"},
				"up": {"uv": [0.172, 0.172, 0.266, 0.266], "texture": "#1"},
				"down": {"uv": [0.172, 0.203, 0.266, 0.297], "texture": "#1"}
			}
		},
		{
			"name": "hexadecagon",
			"from": [7.60218, 1.5, 6],
			"to": [8.39782, 8.5, 10],
			"rotation": {"angle": 0, "axis": "y", "origin": [0, 0, 0]},
			"faces": {
				"north": {"uv": [0, 0, 0.875, 8.89], "texture": "#1"},
				"east": {"uv": [1.063, 1.047, 1.156, 1.141], "texture": "#1"},
				"south": {"uv": [0, 0, 0.875, 8.875], "texture": "#1"},
				"west": {"uv": [1.047, 1.063, 1.141, 1.156], "texture": "#1"},
				"up": {"uv": [1.5, 1.938, 1.625, 2.077], "texture": "#1"},
				"down": {"uv": [0.188, 0.172, 0.281, 0.266], "texture": "#1"}
			}
		},
		{
			"name": "hexadecagon",
			"from": [3.93174, 1.5, 8.4525],
			"to": [4.72739, 8.5, 12.4525],
			"rotation": {"angle": 22.5, "axis": "y", "origin": [0, 0, 0]},
			"faces": {
				"north": {"uv": [0, 0, 0.875, 8.875], "texture": "#1"},
				"east": {"uv": [0.61, 0.61, 0.703, 0.703], "texture": "#1"},
				"south": {"uv": [0, 0, 0.891, 8.875], "texture": "#1"},
				"west": {"uv": [0.61, 0.594, 0.75, 0.75], "texture": "#1"},
				"up": {"uv": [1.047, 0.625, 1.203, 0.735], "texture": "#1"},
				"down": {"uv": [0.188, 0.141, 0.281, 0.235], "texture": "#1"}
			}
		},
		{
			"name": "hexadecagon",
			"from": [-0.39782, 1.5, 9.31371],
			"to": [0.39782, 8.5, 13.31371],
			"rotation": {"angle": 45, "axis": "y", "origin": [0, 0, 0]},
			"faces": {
				"north": {"uv": [0, 0, 0.875, 8.875], "texture": "#1"},
				"east": {"uv": [0.172, 0.172, 0.266, 0.266], "texture": "#1"},
				"south": {"uv": [0, 0, 0.875, 8.875], "texture": "#1"},
				"west": {"uv": [0.203, 0.172, 0.297, 0.266], "texture": "#1"},
				"up": {"uv": [0.172, 0.156, 0.266, 0.25], "texture": "#1"},
				"down": {"uv": [0.172, 0.156, 0.266, 0.25], "texture": "#1"}
			}
		},
		{
			"name": "hexadecagon",
			"from": [8.4525, 1.5, 3.93174],
			"to": [12.4525, 8.5, 4.72739],
			"rotation": {"angle": -22.5, "axis": "y", "origin": [0, 0, 0]},
			"faces": {
				"north": {"uv": [0.188, 0.156, 0.281, 0.25], "texture": "#1"},
				"east": {"uv": [0, 0, 0.875, 8.89], "texture": "#1"},
				"south": {"uv": [0.172, 0.172, 0.266, 0.266], "texture": "#1"},
				"west": {"uv": [0, 0, 0.875, 8.875], "texture": "#1"},
				"up": {"uv": [0.172, 0.172, 0.266, 0.266], "texture": "#1"},
				"down": {"uv": [0.188, 0.172, 0.281, 0.266], "texture": "#1"}
			}
		},
		{
			"name": "hexadecagon",
			"from": [6, 1.5, 7.60218],
			"to": [10, 8.5, 8.39782],
			"rotation": {"angle": 0, "axis": "y", "origin": [0, 0, 0]},
			"faces": {
				"north": {"uv": [0.188, 0.188, 0.281, 0.281], "texture": "#1"},
				"east": {"uv": [0, 0, 0.891, 8.875], "texture": "#1"},
				"south": {"uv": [0.188, 0.172, 0.281, 0.266], "texture": "#1"},
				"west": {"uv": [0, 0, 0.875, 8.875], "texture": "#1"},
				"up": {"uv": [0.172, 0.172, 0.266, 0.266], "texture": "#1"},
				"down": {"uv": [0.188, 0.172, 0.281, 0.266], "texture": "#1"}
			}
		},
		{
			"name": "hexadecagon",
			"from": [2.32957, 1.5, 10.05468],
			"to": [6.32957, 8.5, 10.85033],
			"rotation": {"angle": 22.5, "axis": "y", "origin": [0, 0, 0]},
			"faces": {
				"north": {"uv": [0.156, 0.156, 0.25, 0.25], "texture": "#1"},
				"east": {"uv": [0, 0, 0.875, 8.875], "texture": "#1"},
				"south": {"uv": [0.156, 0.188, 0.25, 0.281], "texture": "#1"},
				"west": {"uv": [0, 0, 0.875, 8.891], "texture": "#1"},
				"up": {"uv": [0.172, 0.156, 0.266, 0.25], "texture": "#1"},
				"down": {"uv": [0.172, 0.156, 0.266, 0.25], "texture": "#1"}
			}
		},
		{
			"name": "hexadecagon",
			"from": [10.91588, 0.1, -2],
			"to": [11.71153, 1.5, 2],
			"rotation": {"angle": -45, "axis": "y", "origin": [0, 0, 0]},
			"faces": {
				"north": {"uv": [13, 0, 14, 1], "texture": "#2"},
				"east": {"uv": [0, 0, 1, 1], "texture": "#2"},
				"south": {"uv": [5, 0, 6, 1], "texture": "#2"},
				"west": {"uv": [0, 0, 1, 1], "texture": "#2"},
				"up": {"uv": [0, 0, 0.063, 0.063], "texture": "#2"},
				"down": {"uv": [0, 0, 1, 1], "texture": "#2"}
			}
		},
		{
			"name": "hexadecagon",
			"from": [10.05468, 0.1, 2.32957],
			"to": [10.85033, 1.5, 6.32957],
			"rotation": {"angle": -22.5, "axis": "y", "origin": [0, 0, 0]},
			"faces": {
				"north": {"uv": [14, 0, 15, 1], "texture": "#2"},
				"east": {"uv": [0, 0, 1, 1], "texture": "#2"},
				"south": {"uv": [6, 0, 7, 1], "texture": "#2"},
				"west": {"uv": [0, 0, 1, 1], "texture": "#2"},
				"up": {"uv": [0, 0, 0.063, 0.063], "texture": "#2"},
				"down": {"uv": [0, 0, 1, 1], "texture": "#2"}
			}
		},
		{
			"name": "hexadecagon",
			"from": [7.60218, 0.1, 6],
			"to": [8.39782, 1.5, 10],
			"rotation": {"angle": 0, "axis": "y", "origin": [0, 0, 0]},
			"faces": {
				"north": {"uv": [15, 0, 16, 1], "texture": "#2"},
				"east": {"uv": [0, 0, 1, 1], "texture": "#2"},
				"south": {"uv": [7, 0, 8, 1], "texture": "#2"},
				"west": {"uv": [0, 0, 1, 1], "texture": "#2"},
				"up": {"uv": [0, 0, 0.063, 0.063], "texture": "#2"},
				"down": {"uv": [0, 0, 1, 1], "texture": "#2"}
			}
		},
		{
			"name": "hexadecagon",
			"from": [3.93174, 0.1, 8.4525],
			"to": [4.72739, 1.5, 12.4525],
			"rotation": {"angle": 22.5, "axis": "y", "origin": [0, 0, 0]},
			"faces": {
				"north": {"uv": [0, 0, 1, 1], "texture": "#2"},
				"east": {"uv": [0, 0, 1, 1], "texture": "#2"},
				"south": {"uv": [8, 0, 9, 1], "texture": "#2"},
				"west": {"uv": [0, 0, 1, 1], "texture": "#2"},
				"up": {"uv": [0, 0, 0.063, 0.063], "texture": "#2"},
				"down": {"uv": [0, 0, 1, 1], "texture": "#2"}
			}
		},
		{
			"name": "hexadecagon",
			"from": [-0.39782, 0.1, 9.31371],
			"to": [0.39782, 1.5, 13.31371],
			"rotation": {"angle": 45, "axis": "y", "origin": [0, 0, 0]},
			"faces": {
				"north": {"uv": [1, 0, 2, 1], "texture": "#2"},
				"east": {"uv": [0, 0, 1, 1], "texture": "#2"},
				"south": {"uv": [9, 0, 10, 1], "texture": "#2"},
				"west": {"uv": [0, 0, 1, 1], "texture": "#2"},
				"up": {"uv": [0, 0, 0.063, 0.063], "texture": "#2"},
				"down": {"uv": [0, 0, 1, 1], "texture": "#2"}
			}
		},
		{
			"name": "hexadecagon",
			"from": [8.4525, 0.1, 3.93174],
			"to": [12.4525, 1.5, 4.72739],
			"rotation": {"angle": -22.5, "axis": "y", "origin": [0, 0, 0]},
			"faces": {
				"north": {"uv": [0, 0, 1, 1], "texture": "#2"},
				"east": {"uv": [10, 0, 11, 1], "texture": "#2"},
				"south": {"uv": [0, 0, 1, 1], "texture": "#2"},
				"west": {"uv": [2, 0, 3, 1], "texture": "#2"},
				"up": {"uv": [0, 0, 0.063, 0.063], "texture": "#2"},
				"down": {"uv": [0, 0, 1, 1], "texture": "#2"}
			}
		},
		{
			"name": "hexadecagon",
			"from": [6, 0.1, 7.60218],
			"to": [10, 1.5, 8.39782],
			"rotation": {"angle": 0, "axis": "y", "origin": [0, 0, 0]},
			"faces": {
				"north": {"uv": [0, 0, 1, 1], "texture": "#2"},
				"east": {"uv": [11, 0, 12, 1], "texture": "#2"},
				"south": {"uv": [0, 0, 1, 1], "texture": "#2"},
				"west": {"uv": [3, 0, 4, 1], "texture": "#2"},
				"up": {"uv": [0, 0, 0.063, 0.063], "texture": "#2"},
				"down": {"uv": [0, 0, 1, 1], "texture": "#2"}
			}
		},
		{
			"name": "hexadecagon",
			"from": [2.32957, 0.1, 10.05468],
			"to": [6.32957, 1.5, 10.85033],
			"rotation": {"angle": 22.5, "axis": "y", "origin": [0, 0, 0]},
			"faces": {
				"north": {"uv": [0, 0, 1, 1], "texture": "#2"},
				"east": {"uv": [12, 0, 13, 1], "texture": "#2"},
				"south": {"uv": [0, 0, 1, 1], "texture": "#2"},
				"west": {"uv": [4, 0, 5, 1], "texture": "#2"},
				"up": {"uv": [0, 0, 0.063, 0.063], "texture": "#2"},
				"down": {"uv": [0, 0, 1, 1], "texture": "#2"}
			}
		},
		{
			"name": "hexadecagon",
			"from": [10.91588, 1.5, 2],
			"to": [11.71153, 8.5, 2],
			"rotation": {"angle": -45, "axis": "y", "origin": [0, 0, 0]},
			"faces": {
				"north": {"uv": [0, 0, 0.875, 8.874], "texture": "#1"},
				"east": {"uv": [0.188, 0.188, 0.281, 0.281], "texture": "#1"},
				"south": {"uv": [0, 0, 0.875, 8.874], "texture": "#1"},
				"west": {"uv": [0.188, 0.188, 0.281, 0.281], "texture": "#1"},
				"up": {"uv": [0.156, 0.188, 0.25, 0.281], "texture": "#1"},
				"down": {"uv": [0.203, 0.172, 0.297, 0.266], "texture": "#1"}
			}
		},
		{
			"name": "hexadecagon",
			"from": [8.14707, 1.5, 5.18451],
			"to": [8.94272, 8.5, 5.18451],
			"rotation": {"angle": -45, "axis": "y", "origin": [7.28806, 5, 6.93451]},
			"faces": {
				"north": {"uv": [0, 0, 0.875, 8.874], "texture": "#1"},
				"east": {"uv": [0.188, 0.188, 0.281, 0.281], "texture": "#1"},
				"south": {"uv": [0, 0, 0.875, 8.874], "texture": "#1"},
				"west": {"uv": [0.188, 0.188, 0.281, 0.281], "texture": "#1"},
				"up": {"uv": [0.25, 0.281, 0.156, 0.188], "texture": "#1"},
				"down": {"uv": [0.297, 0.266, 0.203, 0.172], "texture": "#1"}
			}
		},
		{
			"name": "hexadecagon",
			"from": [10.05468, 1.5, 6.32957],
			"to": [10.85033, 8.5, 6.32957],
			"rotation": {"angle": -22.5, "axis": "y", "origin": [0, 0, 0]},
			"faces": {
				"north": {"uv": [0, 0, 0.875, 8.875], "texture": "#1"},
				"east": {"uv": [0.203, 0.156, 0.297, 0.25], "texture": "#1"},
				"south": {"uv": [0, 0, 0.875, 8.89], "texture": "#1"},
				"west": {"uv": [0.188, 0.203, 0.281, 0.297], "texture": "#1"},
				"up": {"uv": [0.172, 0.172, 0.266, 0.266], "texture": "#1"},
				"down": {"uv": [0.172, 0.203, 0.266, 0.297], "texture": "#1"}
			}
		},
		{
			"name": "hexadecagon",
			"from": [7.95573, 1.5, 5.64645],
			"to": [8.75138, 8.5, 5.64645],
			"rotation": {"angle": -22.5, "axis": "y", "origin": [7.28806, 5, 6.93451]},
			"faces": {
				"north": {"uv": [0, 0, 0.875, 8.89], "texture": "#1"},
				"east": {"uv": [0.188, 0.203, 0.281, 0.297], "texture": "#1"},
				"south": {"uv": [0, 0, 0.875, 8.875], "texture": "#1"},
				"west": {"uv": [0.203, 0.156, 0.297, 0.25], "texture": "#1"},
				"up": {"uv": [0.266, 0.266, 0.172, 0.172], "texture": "#1"},
				"down": {"uv": [0.266, 0.297, 0.172, 0.203], "texture": "#1"}
			}
		},
		{
			"name": "hexadecagon",
			"from": [7.60218, 1.5, 10],
			"to": [8.39782, 8.5, 10],
			"rotation": {"angle": 0, "axis": "y", "origin": [0, 0, 0]},
			"faces": {
				"north": {"uv": [0, 0, 0.875, 8.89], "texture": "#1"},
				"east": {"uv": [1.063, 1.047, 1.156, 1.141], "texture": "#1"},
				"south": {"uv": [0, 0, 0.875, 8.875], "texture": "#1"},
				"west": {"uv": [1.047, 1.063, 1.141, 1.156], "texture": "#1"},
				"up": {"uv": [1.5, 1.938, 1.625, 2.077], "texture": "#1"},
				"down": {"uv": [0.188, 0.172, 0.281, 0.266], "texture": "#1"}
			}
		},
		{
			"name": "hexadecagon",
			"from": [7.60218, 1.5, 6],
			"to": [8.39782, 8.5, 6],
			"rotation": {"angle": 0, "axis": "y", "origin": [7.28806, 5, 6.93451]},
			"faces": {
				"north": {"uv": [0, 0, 0.875, 8.875], "texture": "#1"},
				"east": {"uv": [1.047, 1.063, 1.141, 1.156], "texture": "#1"},
				"south": {"uv": [0, 0, 0.875, 8.89], "texture": "#1"},
				"west": {"uv": [1.063, 1.047, 1.156, 1.141], "texture": "#1"},
				"up": {"uv": [1.625, 2.077, 1.5, 1.938], "texture": "#1"},
				"down": {"uv": [0.281, 0.266, 0.188, 0.172], "texture": "#1"}
			}
		},
		{
			"name": "hexadecagon",
			"from": [3.93174, 1.5, 12.4525],
			"to": [4.72739, 8.5, 12.4525],
			"rotation": {"angle": 22.5, "axis": "y", "origin": [0, 0, 0]},
			"faces": {
				"north": {"uv": [0, 0, 0.875, 8.875], "texture": "#1"},
				"east": {"uv": [0.61, 0.61, 0.703, 0.703], "texture": "#1"},
				"south": {"uv": [0, 0, 0.891, 8.875], "texture": "#1"},
				"west": {"uv": [0.61, 0.594, 0.75, 0.75], "texture": "#1"},
				"up": {"uv": [1.047, 0.625, 1.203, 0.735], "texture": "#1"},
				"down": {"uv": [0.188, 0.141, 0.281, 0.235], "texture": "#1"}
			}
		},
		{
			"name": "hexadecagon",
			"from": [7.14024, 1.5, 6.19134],
			"to": [7.93588, 8.5, 6.19134],
			"rotation": {"angle": 22.5, "axis": "y", "origin": [7.28806, 5, 6.93451]},
			"faces": {
				"north": {"uv": [0, 0, 0.891, 8.875], "texture": "#1"},
				"east": {"uv": [0.61, 0.594, 0.75, 0.75], "texture": "#1"},
				"south": {"uv": [0, 0, 0.875, 8.875], "texture": "#1"},
				"west": {"uv": [0.61, 0.61, 0.703, 0.703], "texture": "#1"},
				"up": {"uv": [1.203, 0.735, 1.047, 0.625], "texture": "#1"},
				"down": {"uv": [0.281, 0.235, 0.188, 0.141], "texture": "#1"}
			}
		},
		{
			"name": "hexadecagon",
			"from": [-0.39782, 1.5, 13.31371],
			"to": [0.39782, 8.5, 13.31371],
			"rotation": {"angle": 45, "axis": "y", "origin": [0, 0, 0]},
			"faces": {
				"north": {"uv": [0, 0, 0.875, 8.875], "texture": "#1"},
				"east": {"uv": [0.172, 0.172, 0.266, 0.266], "texture": "#1"},
				"south": {"uv": [0, 0, 0.875, 8.875], "texture": "#1"},
				"west": {"uv": [0.203, 0.172, 0.297, 0.266], "texture": "#1"},
				"up": {"uv": [0.172, 0.156, 0.266, 0.25], "texture": "#1"},
				"down": {"uv": [0.172, 0.156, 0.266, 0.25], "texture": "#1"}
			}
		},
		{
			"name": "hexadecagon",
			"from": [6.64024, 1.5, 6.19134],
			"to": [7.43588, 8.5, 6.19134],
			"rotation": {"angle": 45, "axis": "y", "origin": [7.28806, 5, 6.93451]},
			"faces": {
				"north": {"uv": [0, 0, 0.875, 8.875], "texture": "#1"},
				"east": {"uv": [0.203, 0.172, 0.297, 0.266], "texture": "#1"},
				"south": {"uv": [0, 0, 0.875, 8.875], "texture": "#1"},
				"west": {"uv": [0.172, 0.172, 0.266, 0.266], "texture": "#1"},
				"up": {"uv": [0.266, 0.25, 0.172, 0.156], "texture": "#1"},
				"down": {"uv": [0.266, 0.25, 0.172, 0.156], "texture": "#1"}
			}
		},
		{
			"name": "hexadecagon",
			"from": [12.4525, 1.5, 3.93174],
			"to": [12.4525, 8.5, 4.72739],
			"rotation": {"angle": -22.5, "axis": "y", "origin": [0, 0, 0]},
			"faces": {
				"north": {"uv": [0.188, 0.156, 0.281, 0.25], "texture": "#1"},
				"east": {"uv": [0, 0, 0.875, 8.89], "texture": "#1"},
				"south": {"uv": [0.172, 0.172, 0.266, 0.266], "texture": "#1"},
				"west": {"uv": [0, 0, 0.875, 8.875], "texture": "#1"},
				"up": {"uv": [0.172, 0.172, 0.266, 0.266], "texture": "#1"},
				"down": {"uv": [0.188, 0.172, 0.281, 0.266], "texture": "#1"}
			}
		},
		{
			"name": "hexadecagon",
			"from": [6.35355, 1.5, 7.24862],
			"to": [6.35355, 8.5, 8.04427],
			"rotation": {"angle": -22.5, "axis": "y", "origin": [7.28806, 5, 6.93451]},
			"faces": {
				"north": {"uv": [0.172, 0.172, 0.266, 0.266], "texture": "#1"},
				"east": {"uv": [0, 0, 0.875, 8.875], "texture": "#1"},
				"south": {"uv": [0.188, 0.156, 0.281, 0.25], "texture": "#1"},
				"west": {"uv": [0, 0, 0.875, 8.89], "texture": "#1"},
				"up": {"uv": [0.266, 0.266, 0.172, 0.172], "texture": "#1"},
				"down": {"uv": [0.281, 0.266, 0.188, 0.172], "texture": "#1"}
			}
		},
		{
			"name": "hexadecagon",
			"from": [10, 1.5, 7.60218],
			"to": [10, 8.5, 8.39782],
			"rotation": {"angle": 0, "axis": "y", "origin": [0, 0, 0]},
			"faces": {
				"north": {"uv": [0.188, 0.188, 0.281, 0.281], "texture": "#1"},
				"east": {"uv": [0, 0, 0.891, 8.875], "texture": "#1"},
				"south": {"uv": [0.188, 0.172, 0.281, 0.266], "texture": "#1"},
				"west": {"uv": [0, 0, 0.875, 8.875], "texture": "#1"},
				"up": {"uv": [0.172, 0.172, 0.266, 0.266], "texture": "#1"},
				"down": {"uv": [0.188, 0.172, 0.281, 0.266], "texture": "#1"}
			}
		},
		{
			"name": "hexadecagon",
			"from": [6, 1.5, 7.60218],
			"to": [6, 8.5, 8.39782],
			"rotation": {"angle": 0, "axis": "y", "origin": [7.28806, 5, 6.93451]},
			"faces": {
				"north": {"uv": [0.188, 0.172, 0.281, 0.266], "texture": "#1"},
				"east": {"uv": [0, 0, 0.875, 8.875], "texture": "#1"},
				"south": {"uv": [0.188, 0.188, 0.281, 0.281], "texture": "#1"},
				"west": {"uv": [0, 0, 0.891, 8.875], "texture": "#1"},
				"up": {"uv": [0.266, 0.266, 0.172, 0.172], "texture": "#1"},
				"down": {"uv": [0.281, 0.266, 0.188, 0.172], "texture": "#1"}
			}
		},
		{
			"name": "hexadecagon",
			"from": [6.32957, 1.5, 10.05468],
			"to": [6.32957, 8.5, 10.85033],
			"rotation": {"angle": 22.5, "axis": "y", "origin": [0, 0, 0]},
			"faces": {
				"north": {"uv": [0.156, 0.156, 0.25, 0.25], "texture": "#1"},
				"east": {"uv": [0, 0, 0.875, 8.875], "texture": "#1"},
				"south": {"uv": [0.156, 0.188, 0.25, 0.281], "texture": "#1"},
				"west": {"uv": [0, 0, 0.875, 8.891], "texture": "#1"},
				"up": {"uv": [0.172, 0.156, 0.266, 0.25], "texture": "#1"},
				"down": {"uv": [0.172, 0.156, 0.266, 0.25], "texture": "#1"}
			}
		},
		{
			"name": "hexadecagon",
			"from": [5.53806, 1.5, 7.79352],
			"to": [5.53806, 8.5, 8.58917],
			"rotation": {"angle": 22.5, "axis": "y", "origin": [7.28806, 5, 6.93451]},
			"faces": {
				"north": {"uv": [0.156, 0.188, 0.25, 0.281], "texture": "#1"},
				"east": {"uv": [0, 0, 0.875, 8.891], "texture": "#1"},
				"south": {"uv": [0.156, 0.156, 0.25, 0.25], "texture": "#1"},
				"west": {"uv": [0, 0, 0.875, 8.875], "texture": "#1"},
				"up": {"uv": [0.266, 0.25, 0.172, 0.156], "texture": "#1"},
				"down": {"uv": [0.266, 0.25, 0.172, 0.156], "texture": "#1"}
			}
		},
		{
			"from": [5.9, 8.7, 5.9],
			"to": [10.1, 8.7, 10.1],
			"faces": {
				"north": {"uv": [4.469, 8.172, 12.218, 15.936], "texture": "#2"},
				"east": {"uv": [4.469, 8.172, 12.218, 15.936], "texture": "#2"},
				"south": {"uv": [4.469, 8.172, 12.218, 15.936], "texture": "#2"},
				"west": {"uv": [4.469, 8.172, 12.218, 15.936], "texture": "#2"},
				"up": {"uv": [4.469, 8.172, 12.218, 15.936], "texture": "#2"},
				"down": {"uv": [4.469, 8.172, 12.218, 15.936], "texture": "#2"}
			}
		},
		{
			"from": [5.9, 8.6, 5.9],
			"to": [10.1, 8.6, 10.1],
			"faces": {
				"north": {"uv": [4.469, 8.172, 12.218, 15.936], "texture": "#2"},
				"east": {"uv": [4.469, 8.172, 12.218, 15.936], "texture": "#2"},
				"south": {"uv": [4.469, 8.172, 12.218, 15.936], "texture": "#2"},
				"west": {"uv": [4.469, 8.172, 12.218, 15.936], "texture": "#2"},
				"up": {"uv": [4.469, 8.172, 12.218, 15.936], "texture": "#2"},
				"down": {"uv": [4.469, 8.172, 12.218, 15.936], "texture": "#2"}
			}
		},
		{
			"from": [5.9, 8.8, 5.9],
			"to": [10.1, 8.8, 10.1],
			"faces": {
				"north": {"uv": [4.469, 8.172, 12.218, 15.936], "texture": "#2"},
				"east": {"uv": [4.469, 8.172, 12.218, 15.936], "texture": "#2"},
				"south": {"uv": [4.469, 8.172, 12.218, 15.936], "texture": "#2"},
				"west": {"uv": [4.469, 8.172, 12.218, 15.936], "texture": "#2"},
				"up": {"uv": [4.469, 8.172, 12.218, 15.936], "texture": "#2"},
				"down": {"uv": [4.469, 8.172, 12.218, 15.936], "texture": "#2"}
			}
		},
		{
			"from": [5.9, 0.1, 5.9],
			"to": [10.1, 0.1, 10.1],
			"faces": {
				"north": {"uv": [4.469, 8.172, 12.218, 15.936], "texture": "#2"},
				"east": {"uv": [4.469, 8.172, 12.218, 15.936], "texture": "#2"},
				"south": {"uv": [4.469, 8.172, 12.218, 15.936], "texture": "#2"},
				"west": {"uv": [4.469, 8.172, 12.218, 15.936], "texture": "#2"},
				"up": {"uv": [4.469, 8.172, 12.218, 15.936], "texture": "#2"},
				"down": {"uv": [4.469, 8.172, 12.218, 15.936], "texture": "#2"}
			}
		},
		{
			"from": [6, 1.6, 6],
			"to": [10, 1.6, 10],
			"faces": {
				"north": {"uv": [4.469, 8.172, 12.218, 15.936], "texture": "#2"},
				"east": {"uv": [4.469, 8.172, 12.218, 15.936], "texture": "#2"},
				"south": {"uv": [4.469, 8.172, 12.218, 15.936], "texture": "#2"},
				"west": {"uv": [4.469, 8.172, 12.218, 15.936], "texture": "#2"},
				"up": {"uv": [4.469, 8.172, 12.218, 15.936], "texture": "#2"},
				"down": {"uv": [4.469, 8.172, 12.218, 15.936], "texture": "#2"}
			}
		},
		{
			"name": "hexadecagon",
			"from": [10.91588, 8.5, -2],
			"to": [11.71153, 8.6, 2],
			"rotation": {"angle": -45, "axis": "y", "origin": [0, 0, 0]},
			"faces": {
				"north": {"uv": [13, 0, 14, 0.25], "texture": "#2"},
				"east": {"uv": [0, 0, 1, 1], "texture": "#2"},
				"south": {"uv": [5, 0, 6, 0.25], "texture": "#2"},
				"west": {"uv": [0, 0, 1, 1], "texture": "#2"},
				"up": {"uv": [0, 0, 0.063, 0.063], "texture": "#2"},
				"down": {"uv": [0, 0, 1, 1], "texture": "#2"}
			}
		},
		{
			"name": "hexadecagon",
			"from": [10.05468, 8.5, 2.32957],
			"to": [10.85033, 8.6, 6.32957],
			"rotation": {"angle": -22.5, "axis": "y", "origin": [0, 0, 0]},
			"faces": {
				"north": {"uv": [14, 0, 15, 0.25], "texture": "#2"},
				"east": {"uv": [0, 0, 1, 1], "texture": "#2"},
				"south": {"uv": [6, 0, 7, 0.25], "texture": "#2"},
				"west": {"uv": [0, 0, 1, 1], "texture": "#2"},
				"up": {"uv": [0, 0, 0.063, 0.063], "texture": "#2"},
				"down": {"uv": [0, 0, 1, 1], "texture": "#2"}
			}
		},
		{
			"name": "hexadecagon",
			"from": [7.60218, 8.5, 6],
			"to": [8.39782, 8.6, 10],
			"rotation": {"angle": 0, "axis": "y", "origin": [0, 0, 0]},
			"faces": {
				"north": {"uv": [15, 0, 16, 0.25], "texture": "#2"},
				"east": {"uv": [0, 0, 1, 1], "texture": "#2"},
				"south": {"uv": [7, 0, 8, 0.25], "texture": "#2"},
				"west": {"uv": [0, 0, 1, 1], "texture": "#2"},
				"up": {"uv": [0, 0, 0.063, 0.063], "texture": "#2"},
				"down": {"uv": [0, 0, 1, 1], "texture": "#2"}
			}
		},
		{
			"name": "hexadecagon",
			"from": [3.93174, 8.5, 8.4525],
			"to": [4.72739, 8.6, 12.4525],
			"rotation": {"angle": 22.5, "axis": "y", "origin": [0, 0, 0]},
			"faces": {
				"north": {"uv": [0, 0, 1, 0.25], "texture": "#2"},
				"east": {"uv": [0, 0, 1, 1], "texture": "#2"},
				"south": {"uv": [8, 0, 9, 0.25], "texture": "#2"},
				"west": {"uv": [0, 0, 1, 1], "texture": "#2"},
				"up": {"uv": [0, 0, 0.063, 0.063], "texture": "#2"},
				"down": {"uv": [0, 0, 1, 1], "texture": "#2"}
			}
		},
		{
			"name": "hexadecagon",
			"from": [-0.39782, 8.5, 9.31371],
			"to": [0.39782, 8.6, 13.31371],
			"rotation": {"angle": 45, "axis": "y", "origin": [0, 0, 0]},
			"faces": {
				"north": {"uv": [1, 0, 2, 0.25], "texture": "#2"},
				"east": {"uv": [0, 0, 1, 1], "texture": "#2"},
				"south": {"uv": [9, 0, 10, 0.25], "texture": "#2"},
				"west": {"uv": [0, 0, 1, 1], "texture": "#2"},
				"up": {"uv": [0, 0, 0.063, 0.063], "texture": "#2"},
				"down": {"uv": [0, 0, 1, 1], "texture": "#2"}
			}
		},
		{
			"name": "hexadecagon",
			"from": [8.4525, 8.5, 3.93174],
			"to": [12.4525, 8.6, 4.72739],
			"rotation": {"angle": -22.5, "axis": "y", "origin": [0, 0, 0]},
			"faces": {
				"north": {"uv": [0, 0, 1, 1], "texture": "#2"},
				"east": {"uv": [10, 0, 11, 0.25], "texture": "#2"},
				"south": {"uv": [0, 0, 1, 1], "texture": "#2"},
				"west": {"uv": [2, 0, 3, 0.25], "texture": "#2"},
				"up": {"uv": [0, 0, 0.063, 0.063], "texture": "#2"},
				"down": {"uv": [0, 0, 1, 1], "texture": "#2"}
			}
		},
		{
			"name": "hexadecagon",
			"from": [6, 8.5, 7.60218],
			"to": [10, 8.6, 8.39782],
			"rotation": {"angle": 0, "axis": "y", "origin": [0, 0, 0]},
			"faces": {
				"north": {"uv": [0, 0, 1, 1], "texture": "#2"},
				"east": {"uv": [11, 0, 12, 0.25], "texture": "#2"},
				"south": {"uv": [0, 0, 1, 1], "texture": "#2"},
				"west": {"uv": [3, 0, 4, 0.25], "texture": "#2"},
				"up": {"uv": [0, 0, 0.063, 0.063], "texture": "#2"},
				"down": {"uv": [0, 0, 1, 1], "texture": "#2"}
			}
		},
		{
			"name": "hexadecagon",
			"from": [2.32957, 8.5, 10.05468],
			"to": [6.32957, 8.6, 10.85033],
			"rotation": {"angle": 22.5, "axis": "y", "origin": [0, 0, 0]},
			"faces": {
				"north": {"uv": [0, 0, 1, 1], "texture": "#2"},
				"east": {"uv": [12, 0, 13, 0.25], "texture": "#2"},
				"south": {"uv": [0, 0, 1, 1], "texture": "#2"},
				"west": {"uv": [4, 0, 5, 0.25], "texture": "#2"},
				"up": {"uv": [0, 0, 0.063, 0.063], "texture": "#2"},
				"down": {"uv": [0, 0, 1, 1], "texture": "#2"}
			}
		},
		{
			"from": [7.5, 1.5, 7.5],
			"to": [8.5, 1.8, 8.5],
			"rotation": {"angle": 0, "axis": "x", "origin": [4, 2.1, 8]},
			"faces": {
				"north": {"uv": [12.75, 4.641, 14.262, 6.059], "rotation": 180, "texture": "#2"},
				"east": {"uv": [12.75, 4.641, 14.262, 6.059], "rotation": 180, "texture": "#2"},
				"south": {"uv": [12.75, 4.641, 14.262, 6.059], "rotation": 180, "texture": "#2"},
				"west": {"uv": [12.75, 4.641, 14.262, 6.059], "rotation": 180, "texture": "#2"},
				"up": {"uv": [12.75, 4.641, 14.262, 6.059], "rotation": 180, "texture": "#2"},
				"down": {"uv": [12.75, 4.641, 14.262, 6.059], "rotation": 180, "texture": "#2"}
			}
		},
		{
			"from": [7.8, 1.5, 7.8],
			"to": [8.2, 8.2, 8.2],
			"rotation": {"angle": 0, "axis": "x", "origin": [4, 2.1, 8]},
			"faces": {
				"north": {"uv": [1.109, 11.344, 2.621, 12.761], "rotation": 180, "texture": "#2"},
				"east": {"uv": [1.109, 11.344, 2.621, 12.761], "rotation": 180, "texture": "#2"},
				"south": {"uv": [1.109, 11.344, 2.621, 12.761], "rotation": 180, "texture": "#2"},
				"west": {"uv": [1.109, 11.344, 2.621, 12.761], "rotation": 180, "texture": "#2"},
				"up": {"uv": [1.109, 11.344, 2.621, 12.761], "rotation": 180, "texture": "#2"},
				"down": {"uv": [1.109, 11.344, 2.621, 12.761], "rotation": 180, "texture": "#2"}
			}
		}
	],
	"display": {
		"head": {
			"translation": [0, -29, 0],
			"scale": [1.6, 1.6, 1.6]
		}
	},
	"groups": [
		{
			"name": "hexadecagon",
			"origin": [8, 8, 8],
			"children": [0, 1, 2, 3, 4, 5, 6, 7]
		},
		{
			"name": "hexadecagon",
			"origin": [8, 8, 8],
			"children": [8, 9, 10, 11, 12, 13, 14, 15]
		},
		{
			"name": "hexadecagon",
			"origin": [8, 8, 8],
			"children": [16, 17, 18, 19, 20, 21, 22, 23, 24, 25, 26, 27, 28, 29, 30, 31]
		}, 32, 33, 34, 35, 36,
		{
			"name": "hexadecagon",
			"origin": [8, 8, 8],
			"children": [37, 38, 39, 40, 41, 42, 43, 44]
		}, 45, 46]
}