{
	"credit": "Made with Blockbench",
	"textures": {
		"0": "block/cmodels/lily_of_the_valley",
		"particle": "block/cmodels/lily_of_the_valley"
	},
	"elements": [
		{
			"from": [0.1, 0, 7.8],
			"to": [15.1, 15, 7.8],
			"rotation": {"angle": -45, "axis": "y", "origin": [7.6, 7.5, 7.8]},
			"faces": {
				"north": {"uv": [1.03125, 1.03125, 16.03125, 16.03125], "texture": "#0"},
				"south": {"uv": [1.03125, 1.03125, 16.03125, 16.03125], "texture": "#0"}
			}
		},
		{
			"from": [8.5, 0, 0.3],
			"to": [8.5, 15, 15.3],
			"rotation": {"angle": -45, "axis": "y", "origin": [7.6, 7.5, 7.8]},
			"faces": {
				"east": {"uv": [1.03125, 1.03125, 16.03125, 16.03125], "texture": "#0"},
				"west": {"uv": [1.03125, 1.03125, 16.03125, 16.03125], "texture": "#0"}
			}
		},
		{
			"from": [7.6, 0, 0.3],
			"to": [7.6, 15, 15.3],
			"rotation": {"angle": 0, "axis": "y", "origin": [7.6, 7.5, 7.8]},
			"faces": {
				"east": {"uv": [1.03125, 1.03125, 16.03125, 16.03125], "texture": "#0"},
				"west": {"uv": [1.03125, 1.03125, 16.03125, 16.03125], "texture": "#0"}
			}
		},
		{
			"from": [-3.4, 0, 10],
			"to": [11.6, 15, 10],
			"rotation": {"angle": -45, "axis": "y", "origin": [4.1, 7.5, 10]},
			"faces": {
				"north": {"uv": [1.03125, 1.03125, 16.03125, 16.03125], "texture": "#0"},
				"south": {"uv": [1.03125, 1.03125, 16.03125, 16.03125], "texture": "#0"},
				"west": {"uv": [1.03125, 1.03125, 16.03125, 16.03125], "texture": "#0"}
			}
		},
		{
			"from": [4.1, 0, 2.5],
			"to": [4.1, 15, 17.5],
			"rotation": {"angle": 0, "axis": "y", "origin": [4.1, 7.5, 10]},
			"faces": {
				"east": {"uv": [1.03125, 1.03125, 16.03125, 16.03125], "texture": "#0"},
				"west": {"uv": [1.03125, 1.03125, 16.03125, 16.03125], "texture": "#0"}
			}
		},
		{
			"from": [11.9, 0, -1.8],
			"to": [11.9, 15, 13.2],
			"rotation": {"angle": 22.5, "axis": "y", "origin": [11.9, 7.5, 5.7]},
			"faces": {
				"north": {"uv": [1.03125, 1.03125, 16.03125, 16.03125], "texture": "#0"},
				"east": {"uv": [1.03125, 1.03125, 16.03125, 16.03125], "texture": "#0"},
				"west": {"uv": [1.03125, 1.03125, 16.03125, 16.03125], "texture": "#0"}
			}
		},
		{
			"from": [11.9, 0, -1.8],
			"to": [11.9, 15, 13.2],
			"rotation": {"angle": -22.5, "axis": "y", "origin": [11.9, 7.5, 5.7]},
			"faces": {
				"east": {"uv": [1.03125, 1.03125, 16.03125, 16.03125], "texture": "#0"},
				"west": {"uv": [1.03125, 1.03125, 16.03125, 16.03125], "texture": "#0"}
			}
		},
		{
			"from": [4.4, 0, 12.7],
			"to": [19.4, 15, 12.7],
			"rotation": {"angle": -22.5, "axis": "y", "origin": [11.9, 7.5, 12.7]},
			"faces": {
				"north": {"uv": [1.03125, 1.03125, 16.03125, 16.03125], "texture": "#0"},
				"south": {"uv": [1.03125, 1.03125, 16.03125, 16.03125], "texture": "#0"}
			}
		},
		{
			"from": [4.4, 0, 12.7],
			"to": [19.4, 15, 12.7],
			"rotation": {"angle": 22.5, "axis": "y", "origin": [11.9, 7.5, 12.7]},
			"faces": {
				"north": {"uv": [1.03125, 1.03125, 16.03125, 16.03125], "texture": "#0"},
				"east": {"uv": [1.03125, 1.03125, 16.03125, 16.03125], "texture": "#0"},
				"south": {"uv": [1.03125, 1.03125, 16.03125, 16.03125], "texture": "#0"}
			}
		},
		{
			"from": [5, 0, 2.5],
			"to": [5, 15, 17.5],
			"rotation": {"angle": -45, "axis": "y", "origin": [4.1, 7.5, 10]},
			"faces": {
				"east": {"uv": [1.03125, 1.03125, 16.03125, 16.03125], "texture": "#0"},
				"west": {"uv": [1.03125, 1.03125, 16.03125, 16.03125], "texture": "#0"}
			}
		},
		{
			"from": [0.1, 0, 8.7],
			"to": [15.1, 15, 8.7],
			"rotation": {"angle": 0, "axis": "y", "origin": [7.6, 7.5, 7.8]},
			"faces": {
				"north": {"uv": [1.03125, 1.03125, 16.03125, 16.03125], "texture": "#0"},
				"south": {"uv": [1.03125, 1.03125, 16.03125, 16.03125], "texture": "#0"}
			}
		}
	]
}