{
	"credit": "Made with Blockbench",
	"ambientocclusion": false,
	"textures": {
		"1": "block/cmodels/oak_tables",
		"2": "block/cmodels/black_door",
		"3": "block/cmodels/door_metal",
		"particle": "block/cmodels/oak_tables"
	},
	"elements": [
		{
			"from": [0, 0, 5],
			"to": [1, 16, 16],
			"faces": {
				"north": {"uv": [2.266, 0, 13.811, 14.765], "texture": "#1"},
				"east": {"uv": [2.266, 0, 13.811, 14.765], "texture": "#1"},
				"south": {"uv": [2.266, 0, 13.811, 14.765], "texture": "#1"},
				"west": {"uv": [2.266, 0, 13.811, 14.765], "texture": "#1"},
				"down": {"uv": [2.266, 0, 13.811, 14.765], "texture": "#1"}
			}
		},
		{
			"from": [0, 0, 0],
			"to": [1, 16, 2.1],
			"faces": {
				"north": {"uv": [2.125, 0, 4, 14.701], "texture": "#1"},
				"east": {"uv": [2.125, 0, 4, 14.701], "texture": "#1"},
				"south": {"uv": [2.125, 0, 4, 14.701], "texture": "#1"},
				"west": {"uv": [2.125, 0, 4, 14.701], "texture": "#1"},
				"down": {"uv": [2.125, 0, 4, 14.701], "texture": "#1"}
			}
		},
		{
			"from": [0, 0, 2.1],
			"to": [1, 2, 5],
			"faces": {
				"east": {"uv": [4.359, 0, 9.547, 1.64], "rotation": 270, "texture": "#1"},
				"west": {"uv": [4.359, 0, 9.547, 1.64], "rotation": 270, "texture": "#1"},
				"up": {"uv": [4.359, 0, 9.547, 1.64], "rotation": 270, "texture": "#1"},
				"down": {"uv": [4.359, 0, 9.547, 1.64], "rotation": 270, "texture": "#1"}
			}
		},
		{
			"from": [1, 9.1, 14.45],
			"to": [1.5, 9.7, 14.65],
			"rotation": {"angle": 0, "axis": "y", "origin": [8, 11, 8]},
			"faces": {
				"north": {"uv": [0, 0, 0.00781, 0.01563], "texture": "#3"},
				"south": {"uv": [0, 0, 0.00781, 0.01563], "texture": "#3"},
				"up": {"uv": [0, 0, 0.00781, 0.00781], "rotation": 270, "texture": "#3"},
				"down": {"uv": [0, 0, 0.00781, 0.00781], "rotation": 90, "texture": "#3"}
			}
		},
		{
			"from": [-0.5, 9.1, 14.45],
			"to": [0, 9.7, 14.65],
			"rotation": {"angle": 0, "axis": "y", "origin": [6, 11, 8]},
			"faces": {
				"north": {"uv": [0, 0, 0.00781, 0.01563], "texture": "#3"},
				"south": {"uv": [0, 0, 0.00781, 0.01563], "texture": "#3"},
				"up": {"uv": [0, 0, 0.00781, 0.00781], "rotation": 270, "texture": "#3"},
				"down": {"uv": [0, 0, 0.00781, 0.00781], "rotation": 90, "texture": "#3"}
			}
		},
		{
			"from": [1.1, 14.6, 13.25],
			"to": [1.2, 15.2, 13.85],
			"rotation": {"angle": 0, "axis": "y", "origin": [8, 11.5, 8]},
			"faces": {
				"north": {"uv": [0, 0, 0.00781, 0.01563], "texture": "#3"},
				"east": {"uv": [0, 0, 0.00781, 0.01563], "texture": "#3"},
				"south": {"uv": [0, 0, 0.00781, 0.01563], "texture": "#3"},
				"up": {"uv": [0, 0, 0.00781, 0.01563], "texture": "#3"},
				"down": {"uv": [0, 0, 0.00781, 0.01563], "texture": "#3"}
			}
		},
		{
			"from": [-0.2, 14.6, 13.25],
			"to": [-0.1, 15.2, 13.85],
			"rotation": {"angle": 0, "axis": "y", "origin": [6, 11.5, 8]},
			"faces": {
				"north": {"uv": [0, 0, 0.00781, 0.01563], "texture": "#3"},
				"south": {"uv": [0, 0, 0.00781, 0.01563], "texture": "#3"},
				"west": {"uv": [0, 0, 0.00781, 0.01563], "texture": "#3"},
				"up": {"uv": [0, 0, 0.00781, 0.01563], "texture": "#3"},
				"down": {"uv": [0, 0, 0.00781, 0.01563], "texture": "#3"}
			}
		},
		{
			"from": [0.1, 14.1, 15.95],
			"to": [0.9, 16, 16.05],
			"rotation": {"angle": 0, "axis": "y", "origin": [8, 11, 8]},
			"faces": {
				"east": {"uv": [0, 0, 0.00781, 0.01563], "texture": "#3"},
				"south": {"uv": [0, 0, 0.00781, 0.01563], "texture": "#3"},
				"west": {"uv": [0, 0, 0.00781, 0.01563], "texture": "#3"},
				"down": {"uv": [0, 0, 0.00781, 0.01563], "texture": "#3"}
			}
		},
		{
			"from": [0.4, 15.4, 16.05],
			"to": [0.55, 16, 16.25],
			"rotation": {"angle": 0, "axis": "y", "origin": [8, 11, 8]},
			"faces": {
				"east": {"uv": [0, 0, 0.00781, 0.01563], "texture": "#3"},
				"south": {"uv": [0, 0, 0.00781, 0.01563], "texture": "#3"},
				"west": {"uv": [0, 0, 0.00781, 0.01563], "texture": "#3"},
				"down": {"uv": [0, 0, 0.00781, 0.01563], "texture": "#3"}
			}
		},
		{
			"from": [0.1, 2, 2.05],
			"to": [0.4, 16, 2.15],
			"rotation": {"angle": 0, "axis": "y", "origin": [8, 11, 8]},
			"faces": {
				"south": {"uv": [0, 0, 0.00781, 0.01563], "texture": "#3"},
				"west": {"uv": [0, 0, 0.00781, 0.01563], "texture": "#3"}
			}
		},
		{
			"from": [0.1, 2, 4.95],
			"to": [0.4, 16, 5.05],
			"rotation": {"angle": 0, "axis": "y", "origin": [8, 11, 10.9]},
			"faces": {
				"north": {"uv": [0, 0, 0.00781, 0.01563], "texture": "#3"},
				"west": {"uv": [0, 0, 0.00781, 0.01563], "texture": "#3"}
			}
		},
		{
			"from": [0.1, 2, 2.15],
			"to": [0.4, 2.1, 4.95],
			"rotation": {"angle": 0, "axis": "y", "origin": [8, 11, 8]},
			"faces": {
				"west": {"uv": [0, 0, 0.00781, 0.00781], "rotation": 270, "texture": "#3"},
				"up": {"uv": [0, 0, 0.00781, 0.00781], "rotation": 270, "texture": "#3"}
			}
		},
		{
			"from": [0.5, 2, 2.05],
			"to": [0.9, 16, 2.15],
			"rotation": {"angle": 0, "axis": "y", "origin": [8, 11, 8]},
			"faces": {
				"east": {"uv": [0, 0, 0.00781, 0.01563], "texture": "#3"},
				"south": {"uv": [0, 0, 0.00781, 0.01563], "texture": "#3"}
			}
		},
		{
			"from": [0.4, 2, 2.05],
			"to": [0.5, 16, 2.15],
			"rotation": {"angle": 0, "axis": "y", "origin": [8, 11, 8]},
			"faces": {
				"south": {"uv": [0, 0, 0.00781, 0.01563], "texture": "#2"}
			}
		},
		{
			"from": [0.4, 2, 4.95],
			"to": [0.5, 16, 5.05],
			"rotation": {"angle": 0, "axis": "y", "origin": [8, 11, 8]},
			"faces": {
				"north": {"uv": [0, 0, 0.00781, 0.01563], "texture": "#2"}
			}
		},
		{
			"from": [0.4, 2, 2.15],
			"to": [0.5, 2.1, 4.95],
			"rotation": {"angle": 0, "axis": "y", "origin": [8, 11, 8]},
			"faces": {
				"up": {"uv": [0, 0, 0.00781, 0.00781], "rotation": 270, "texture": "#2"}
			}
		},
		{
			"from": [0.5, 2, 4.95],
			"to": [0.9, 16, 5.05],
			"rotation": {"angle": 0, "axis": "y", "origin": [8, 11, 10.9]},
			"faces": {
				"north": {"uv": [0, 0, 0.00781, 0.01563], "texture": "#3"},
				"east": {"uv": [0, 0, 0.00781, 0.01563], "texture": "#3"}
			}
		},
		{
			"from": [0.5, 2, 2.15],
			"to": [0.9, 2.1, 4.95],
			"rotation": {"angle": 0, "axis": "y", "origin": [8, 11, 8]},
			"faces": {
				"east": {"uv": [0, 0, 0.00781, 0.00781], "rotation": 270, "texture": "#3"},
				"up": {"uv": [0, 0, 0.00781, 0.00781], "rotation": 270, "texture": "#3"}
			}
		},
		{
			"from": [1.5, 7.6, 14.2],
			"to": [1.7, 16, 14.9],
			"rotation": {"angle": 0, "axis": "y", "origin": [8, 15, 8]},
			"faces": {
				"north": {"uv": [8.14, 0, 9.193, 15.999], "texture": "#3"},
				"east": {"uv": [0, 0, 1.953, 15.999], "texture": "#3"},
				"south": {"uv": [3.625, 0.063, 4.789, 16], "texture": "#3"},
				"west": {"uv": [1.375, 0, 3.124, 15.998], "texture": "#3"},
				"down": {"uv": [10.891, 3.672, 12.891, 4.633], "rotation": 90, "texture": "#3"}
			}
		},
		{
			"from": [-0.7, 7.6, 14.2],
			"to": [-0.5, 16, 14.9],
			"rotation": {"angle": 0, "axis": "y", "origin": [6, 15, 8]},
			"faces": {
				"north": {"uv": [8.14, 0, 9.193, 15.999], "texture": "#3"},
				"east": {"uv": [0, 0, 1.953, 15.999], "texture": "#3"},
				"south": {"uv": [3.625, 0.063, 4.789, 16], "texture": "#3"},
				"west": {"uv": [1.375, 0, 3.124, 15.998], "texture": "#3"},
				"down": {"uv": [10.891, 3.672, 12.891, 4.633], "rotation": 90, "texture": "#3"}
			}
		},
		{
			"from": [-0.1, 0.2, 0.1],
			"to": [1.1, 1.9, 15.9],
			"rotation": {"angle": 0, "axis": "y", "origin": [6.9, 8, 8]},
			"faces": {
				"north": {"uv": [6.07813, 10.79688, 9.375, 13.23438], "rotation": 90, "texture": "#1"},
				"east": {"uv": [0.15625, 10.79688, 15.78125, 13.23438], "texture": "#1"},
				"south": {"uv": [12.35938, 10.79688, 15.78125, 13.23438], "rotation": 90, "texture": "#1"},
				"west": {"uv": [0.15625, 10.79688, 15.78125, 13.23438], "texture": "#1"},
				"up": {"uv": [0.15625, 10.79688, 15.78125, 13.23438], "rotation": 90, "texture": "#1"},
				"down": {"uv": [0.15625, 10.79688, 15.78125, 13.23438], "rotation": 90, "texture": "#1"}
			}
		},
		{
			"from": [-0.1, 2.1, 5.1],
			"to": [1.1, 3.8, 15.9],
			"rotation": {"angle": 0, "axis": "y", "origin": [6.9, 8, 8]},
			"faces": {
				"north": {"uv": [10.89063, 13.46875, 14.28125, 15.90625], "rotation": 90, "texture": "#1"},
				"east": {"uv": [1.859, 13.563, 14.253, 16], "texture": "#1"},
				"south": {"uv": [9, 13.71875, 13.23438, 15.8125], "rotation": 90, "texture": "#1"},
				"west": {"uv": [1.859, 13.563, 14.253, 16], "texture": "#1"},
				"up": {"uv": [1.78125, 13.4375, 14.17525, 15.8745], "rotation": 90, "texture": "#1"},
				"down": {"uv": [1.78125, 13.4375, 14.17525, 15.8745], "rotation": 90, "texture": "#1"}
			}
		},
		{
			"from": [-0.1, 2.1, 0.1],
			"to": [1.1, 3.8, 1.9],
			"rotation": {"angle": 0, "axis": "y", "origin": [6.9, 8, -6]},
			"faces": {
				"north": {"uv": [11.73438, 13.46875, 14.14063, 15.90625], "rotation": 90, "texture": "#1"},
				"east": {"uv": [4.71875, 10.76563, 7.45313, 13.20313], "texture": "#1"},
				"south": {"uv": [4.96875, 13.4375, 7.79688, 15.875], "rotation": 90, "texture": "#1"},
				"west": {"uv": [11.34375, 10.79688, 14.53125, 13.23438], "texture": "#1"},
				"up": {"uv": [11.21875, 13.4375, 14.01563, 15.875], "rotation": 90, "texture": "#1"},
				"down": {"uv": [11.51563, 13.40625, 14.21875, 15.84375], "rotation": 90, "texture": "#1"}
			}
		},
		{
			"from": [-0.1, 4, 5.1],
			"to": [1.1, 5.7, 15.9],
			"rotation": {"angle": 0, "axis": "y", "origin": [6.9, 8, 8]},
			"faces": {
				"north": {"uv": [11.09375, 8.17188, 14.07813, 10.28125], "rotation": 90, "texture": "#1"},
				"east": {"uv": [1.859, 8.032, 14.253, 10.468], "texture": "#1"},
				"south": {"uv": [10.90625, 8.5625, 14.25, 10.46875], "rotation": 90, "texture": "#1"},
				"west": {"uv": [1.859, 8.032, 14.253, 10.468], "texture": "#1"},
				"up": {"uv": [1.85938, 8.35938, 14.25, 10.46875], "rotation": 90, "texture": "#1"},
				"down": {"uv": [1.85938, 8.51563, 14.25, 10.46875], "rotation": 90, "texture": "#1"}
			}
		},
		{
			"from": [-0.1, 4, 0.1],
			"to": [1.1, 5.7, 1.9],
			"rotation": {"angle": 0, "axis": "y", "origin": [6.9, 8, -6]},
			"faces": {
				"north": {"uv": [4.84375, 5.40625, 7.0625, 7.84375], "rotation": 90, "texture": "#1"},
				"east": {"uv": [12.92188, 8.09375, 15.51563, 10.53125], "texture": "#1"},
				"south": {"uv": [10.85938, 10.76563, 13.10938, 13.20313], "rotation": 90, "texture": "#1"},
				"west": {"uv": [12.03125, 8.03125, 14.25, 10.46875], "texture": "#1"},
				"up": {"uv": [11.9375, 8.09375, 14.21875, 10.53125], "rotation": 90, "texture": "#1"},
				"down": {"uv": [11.57813, 8.0625, 14.04688, 10.5], "rotation": 90, "texture": "#1"}
			}
		},
		{
			"from": [-0.1, 5.9, 5.1],
			"to": [1.1, 7.6, 15.9],
			"rotation": {"angle": 0, "axis": "y", "origin": [6.9, 8, 8]},
			"faces": {
				"north": {"uv": [10.95313, 5.46875, 13.90625, 7.90625], "rotation": 90, "texture": "#1"},
				"east": {"uv": [1.51563, 5.46875, 13.90963, 7.90475], "texture": "#1"},
				"south": {"uv": [11.23438, 5.46875, 13.90625, 7.90625], "rotation": 90, "texture": "#1"},
				"west": {"uv": [1.51563, 5.46875, 13.90963, 7.90475], "texture": "#1"},
				"up": {"uv": [1.51563, 5.46875, 13.90963, 7.90475], "rotation": 90, "texture": "#1"},
				"down": {"uv": [1.51563, 5.46875, 13.90963, 7.90475], "rotation": 90, "texture": "#1"}
			}
		},
		{
			"from": [-0.1, 7.8, 5.1],
			"to": [1.1, 9.5, 15.9],
			"rotation": {"angle": 0, "axis": "y", "origin": [6.9, 8, 8]},
			"faces": {
				"north": {"uv": [11.60938, 2.79688, 14.34375, 5.23438], "rotation": 90, "texture": "#1"},
				"east": {"uv": [1.953, 2.578, 14.347, 5.013], "texture": "#1"},
				"south": {"uv": [10.60938, 2.79688, 14.40625, 5.23438], "rotation": 90, "texture": "#1"},
				"west": {"uv": [1.98438, 2.82813, 14.37838, 5.26313], "texture": "#1"},
				"up": {"uv": [2.07813, 2.76563, 14.47213, 5.20063], "rotation": 90, "texture": "#1"},
				"down": {"uv": [2.04688, 2.79688, 14.44088, 5.23188], "rotation": 90, "texture": "#1"}
			}
		},
		{
			"from": [-0.1, 5.9, 0.1],
			"to": [1.1, 7.6, 1.9],
			"rotation": {"angle": 0, "axis": "y", "origin": [6.9, 8, -6]},
			"faces": {
				"north": {"uv": [11.65625, 8.03125, 14.25, 10.46875], "rotation": 90, "texture": "#1"},
				"east": {"uv": [9.10938, 5.5625, 11.51563, 8], "texture": "#1"},
				"south": {"uv": [11.875, 8.03125, 14.25, 10.46875], "rotation": 90, "texture": "#1"},
				"west": {"uv": [11.42188, 8.03125, 14.25, 10.46875], "texture": "#1"},
				"up": {"uv": [11.8125, 8.03125, 14.25, 10.46875], "rotation": 90, "texture": "#1"},
				"down": {"uv": [12.09375, 8.09375, 14.28125, 10.53125], "rotation": 90, "texture": "#1"}
			}
		},
		{
			"from": [-0.1, 7.8, 0.1],
			"to": [1.1, 9.5, 1.9],
			"rotation": {"angle": 0, "axis": "y", "origin": [6.9, 8, -6]},
			"faces": {
				"north": {"uv": [8.35938, 2.76563, 10.96875, 5.20313], "rotation": 90, "texture": "#1"},
				"east": {"uv": [9.75, 2.76563, 12.48438, 5.20313], "texture": "#1"},
				"south": {"uv": [6.01563, 2.76563, 8.26563, 5.20313], "rotation": 90, "texture": "#1"},
				"west": {"uv": [1.92188, 2.82813, 4.53125, 5.26563], "texture": "#1"},
				"up": {"uv": [11.60938, 2.82813, 14.40625, 5.26563], "rotation": 90, "texture": "#1"},
				"down": {"uv": [2.04688, 2.82813, 4.57813, 5.26563], "rotation": 90, "texture": "#1"}
			}
		},
		{
			"from": [-0.1, 9.7, 5.1],
			"to": [1.1, 11.4, 15.9],
			"rotation": {"angle": 0, "axis": "y", "origin": [6.9, 8, 8]},
			"faces": {
				"north": {"uv": [11.34375, 0.09375, 14.4375, 2.53125], "rotation": 90, "texture": "#1"},
				"east": {"uv": [2.032, 0, 14.425, 2.435], "texture": "#1"},
				"south": {"uv": [12.15625, 0.09375, 14.5, 2.53125], "rotation": 90, "texture": "#1"},
				"west": {"uv": [2.032, 0, 14.425, 2.435], "texture": "#1"},
				"up": {"uv": [2.10938, 0.09375, 14.50238, 2.52875], "rotation": 90, "texture": "#1"},
				"down": {"uv": [2.01563, 0.125, 14.40863, 2.56], "rotation": 90, "texture": "#1"}
			}
		},
		{
			"from": [-0.1, 9.7, 0.1],
			"to": [1.1, 11.4, 1.9],
			"rotation": {"angle": 0, "axis": "y", "origin": [6.9, 8, -6]},
			"faces": {
				"north": {"uv": [8.23438, 0.0625, 10.875, 2.5], "rotation": 90, "texture": "#1"},
				"east": {"uv": [8.20313, 0.09375, 10.70313, 2.53125], "texture": "#1"},
				"south": {"uv": [1.98438, 0.09375, 4.0625, 2.53125], "rotation": 90, "texture": "#1"},
				"west": {"uv": [11.84375, 0.15625, 14.40625, 2.59375], "texture": "#1"},
				"up": {"uv": [1.98438, 0.15625, 4.32813, 2.59375], "rotation": 90, "texture": "#1"},
				"down": {"uv": [12.51563, 0.125, 14.4375, 2.5625], "rotation": 90, "texture": "#1"}
			}
		},
		{
			"from": [-0.1, 11.6, 5.1],
			"to": [1.1, 13.3, 15.9],
			"rotation": {"angle": 0, "axis": "y", "origin": [6.9, 8, 8]},
			"faces": {
				"north": {"uv": [11.57813, 13.4375, 14.25, 15.82813], "texture": "#1"},
				"east": {"uv": [1.859, 13.609, 14.252, 16], "texture": "#1"},
				"south": {"uv": [11.45313, 13.5, 14.21875, 15.89063], "rotation": 90, "texture": "#1"},
				"west": {"uv": [1.859, 13.609, 14.252, 16], "texture": "#1"},
				"up": {"uv": [1.92188, 13.4375, 14.31488, 15.8285], "rotation": 90, "texture": "#1"},
				"down": {"uv": [1.82813, 13.4375, 14.22113, 15.8285], "rotation": 90, "texture": "#1"}
			}
		},
		{
			"from": [-0.1, 11.6, 0.1],
			"to": [1.1, 13.3, 1.9],
			"rotation": {"angle": 0, "axis": "y", "origin": [6.9, 8, -6]},
			"faces": {
				"north": {"uv": [12.14063, 13.46875, 14.21875, 15.85938], "rotation": 90, "texture": "#1"},
				"east": {"uv": [12.42188, 5.5, 15.51563, 7.89063], "texture": "#1"},
				"south": {"uv": [12.26563, 13.46875, 14.3125, 15.85938], "rotation": 90, "texture": "#1"},
				"west": {"uv": [11.6875, 13.5, 14.25, 15.89063], "texture": "#1"},
				"up": {"uv": [12.14063, 13.46875, 14.21875, 15.85938], "rotation": 90, "texture": "#1"},
				"down": {"uv": [12.48438, 13.46875, 14.3125, 15.85938], "rotation": 90, "texture": "#1"}
			}
		},
		{
			"from": [-0.1, 13.5, 5.1],
			"to": [1.1, 15.2, 15.9],
			"rotation": {"angle": 0, "axis": "y", "origin": [6.9, 8, 8]},
			"faces": {
				"north": {"uv": [13.34375, 10.82813, 15.42188, 13.21875], "rotation": 90, "texture": "#1"},
				"south": {"uv": [11.8125, 10.79688, 14.3125, 13.1875], "rotation": 90, "texture": "#1"},
				"west": {"uv": [1.89063, 10.79688, 14.28263, 13.18788], "texture": "#1"},
				"up": {"uv": [1.89063, 10.79688, 14.28263, 13.18788], "rotation": 90, "texture": "#1"},
				"down": {"uv": [1.89063, 10.79688, 14.28263, 13.18788], "rotation": 90, "texture": "#1"}
			}
		},
		{
			"from": [-0.1, 13.5, 0.1],
			"to": [1.1, 15.2, 1.9],
			"rotation": {"angle": 0, "axis": "y", "origin": [6.9, 8, -6]},
			"faces": {
				"north": {"uv": [12.03125, 10.82813, 14.28125, 13.21875], "rotation": 90, "texture": "#1"},
				"east": {"uv": [5.625, 10.79688, 8.03125, 13.1875], "texture": "#1"},
				"south": {"uv": [12.10938, 10.76563, 14.28125, 13.15625], "rotation": 90, "texture": "#1"},
				"west": {"uv": [12.625, 10.76563, 14.375, 13.15625], "texture": "#1"},
				"up": {"uv": [12.9375, 10.85938, 15.5, 13.25], "rotation": 90, "texture": "#1"},
				"down": {"uv": [12.0625, 10.76563, 14.3125, 13.15625], "rotation": 90, "texture": "#1"}
			}
		},
		{
			"from": [-0.1, 15.4, 5.1],
			"to": [1.1, 16, 15.9],
			"rotation": {"angle": 0, "axis": "y", "origin": [6.9, 8, 8]},
			"faces": {
				"north": {"uv": [1.89063, 10.79688, 4, 13.1875], "rotation": 90, "texture": "#1"},
				"east": {"uv": [1.85938, 12.54688, 14.25, 13.1875], "texture": "#1"},
				"south": {"uv": [12.59375, 10.79688, 14.28125, 13.1875], "rotation": 90, "texture": "#1"},
				"west": {"uv": [1.90625, 12.23438, 14.29688, 13.0625], "texture": "#1"},
				"down": {"uv": [0.23438, 10.79688, 12.62638, 13.18788], "rotation": 90, "texture": "#1"}
			}
		},
		{
			"from": [-0.1, 15.4, 0.1],
			"to": [1.1, 16, 1.9],
			"rotation": {"angle": 0, "axis": "y", "origin": [6.9, 8, 8]},
			"faces": {
				"north": {"uv": [11.60938, 10.85938, 12.6875, 13.1875], "rotation": 90, "texture": "#1"},
				"east": {"uv": [11.60938, 12.26563, 14.34375, 13.1875], "texture": "#1"},
				"south": {"uv": [11.60938, 11, 12.78125, 13.03125], "rotation": 90, "texture": "#1"},
				"west": {"uv": [11.60938, 12.26563, 14.34375, 13.1875], "texture": "#1"},
				"down": {"uv": [11.60938, 12.26563, 14.34375, 13.1875], "rotation": 90, "texture": "#1"}
			}
		},
		{
			"from": [0.1, 3, -0.1],
			"to": [0.9, 6, 0],
			"faces": {
				"north": {"uv": [0, 0, 2.394, 5.5], "texture": "#3"},
				"east": {"uv": [0, 0, 2.394, 5.5], "texture": "#3"},
				"west": {"uv": [0, 0, 2.394, 5.5], "texture": "#3"},
				"up": {"uv": [0, 0, 2.394, 5.5], "texture": "#3"},
				"down": {"uv": [0, 0, 2.394, 5.5], "texture": "#3"}
			}
		}
	],
	"groups": [
		{
			"name": "group",
			"origin": [8, 8, 8],
			"color": 0,
			"children": [0, 1, 2, 3, 4, 5, 6, 7, 8, 9, 10, 11, 12, 13, 14, 15, 16, 17, 18, 19, 20, 21, 22, 23, 24, 25, 26, 27, 28, 29, 30, 31, 32, 33, 34, 35, 36]
		}, 37]
}